[2026-10-01 06:50:17] local.ERROR: require(/Users/asm/Documents/Test Antigravity Sep 2026/sistem kenderaan/bootstrap/../routes/web.php): Failed to open stream: No such file or directory {"exception":"[object] (ErrorException(code: 0): require(/Users/asm/Documents/Test Antigravity Sep 2026/sistem kenderaan/bootstrap/../routes/web.php): Failed to open stream: No such file or directory at /Users/asm/Documents/Test Antigravity Sep 2026/sistem kenderaan/vendor/laravel/framework/src/Illuminate/Routing/RouteFileRegistrar.php:34)
[stacktrace]
#0 /Users/asm/Documents/Test Antigravity Sep 2026/sistem kenderaan/vendor/laravel/framework/src/Illuminate/Foundation/Bootstrap/HandleExceptions.php(265): Illuminate\\Foundation\\Bootstrap\\HandleExceptions->handleError(2, 'require(/Users/...', '/Users/asm/Docu...', 34)
#1 /Users/asm/Documents/Test Antigravity Sep 2026/sistem kenderaan/vendor/laravel/framework/src/Illuminate/Routing/RouteFileRegistrar.php(34): Illuminate\\Foundation\\Bootstrap\\HandleExceptions->{closure:Illuminate\\Foundation\\Bootstrap\\HandleExceptions::forwardsTo():264}(2, 'require(/Users/...', '/Users/asm/Docu...', 34)
#2 /Users/asm/Documents/Test Antigravity Sep 2026/sistem kenderaan/vendor/laravel/framework/src/Illuminate/Routing/RouteFileRegistrar.php(34): require('/Users/asm/Docu...')
#3 /Users/asm/Documents/Test Antigravity Sep 2026/sistem kenderaan/vendor/laravel/framework/src/Illuminate/Routing/Router.php(526): Illuminate\\Routing\\RouteFileRegistrar->register('/Users/asm/Docu...')
#4 /Users/asm/Documents/Test Antigravity Sep 2026/sistem kenderaan/vendor/laravel/framework/src/Illuminate/Routing/Router.php(480): Illuminate\\Routing\\Router->loadRoutes('/Users/asm/Docu...')
#5 /Users/asm/Documents/Test Antigravity Sep 2026/sistem kenderaan/vendor/laravel/framework/src/Illuminate/Routing/RouteRegistrar.php(224): Illuminate\\Routing\\Router->group(Array, '/Users/asm/Docu...')
#6 /Users/asm/Documents/Test Antigravity Sep 2026/sistem kenderaan/vendor/laravel/framework/src/Illuminate/Foundation/Configuration/ApplicationBuilder.php(261): Illuminate\\Routing\\RouteRegistrar->group('/Users/asm/Docu...')
#7 /Users/asm/Documents/Test Antigravity Sep 2026/sistem kenderaan/vendor/laravel/framework/src/Illuminate/Container/BoundMethod.php(36): Illuminate\\Foundation\\Configuration\\ApplicationBuilder->{closure:Illuminate\\Foundation\\Configuration\\ApplicationBuilder::buildRoutingCallback():210}()
#8 /Users/asm/Documents/Test Antigravity Sep 2026/sistem kenderaan/vendor/laravel/framework/src/Illuminate/Container/Util.php(43): Illuminate\\Container\\BoundMethod::{closure:Illuminate\\Container\\BoundMethod::call():35}()
#9 /Users/asm/Documents/Test Antigravity Sep 2026/sistem kenderaan/vendor/laravel/framework/src/Illuminate/Container/BoundMethod.php(84): Illuminate\\Container\\Util::unwrapIfClosure(Object(Closure))
#10 /Users/asm/Documents/Test Antigravity Sep 2026/sistem kenderaan/vendor/laravel/framework/src/Illuminate/Container/BoundMethod.php(35): Illuminate\\Container\\BoundMethod::callBoundMethod(Object(Illuminate\\Foundation\\Application), Object(Closure), Object(Closure))
#11 /Users/asm/Documents/Test Antigravity Sep 2026/sistem kenderaan/vendor/laravel/framework/src/Illuminate/Container/Container.php(803): Illuminate\\Container\\BoundMethod::call(Object(Illuminate\\Foundation\\Application), Object(Closure), Array, NULL)
#12 /Users/asm/Documents/Test Antigravity Sep 2026/sistem kenderaan/vendor/laravel/framework/src/Illuminate/Foundation/Support/Providers/RouteServiceProvider.php(162): Illuminate\\Container\\Container->call(Object(Closure))
#13 /Users/asm/Documents/Test Antigravity Sep 2026/sistem kenderaan/vendor/laravel/framework/src/Illuminate/Foundation/Support/Providers/RouteServiceProvider.php(59): Illuminate\\Foundation\\Support\\Providers\\RouteServiceProvider->loadRoutes()
#14 /Users/asm/Documents/Test Antigravity Sep 2026/sistem kenderaan/vendor/laravel/framework/src/Illuminate/Container/BoundMethod.php(36): Illuminate\\Foundation\\Support\\Providers\\RouteServiceProvider->{closure:Illuminate\\Foundation\\Support\\Providers\\RouteServiceProvider::register():53}()
#15 /Users/asm/Documents/Test Antigravity Sep 2026/sistem kenderaan/vendor/laravel/framework/src/Illuminate/Container/Util.php(43): Illuminate\\Container\\BoundMethod::{closure:Illuminate\\Container\\BoundMethod::call():35}()
#16 /Users/asm/Documents/Test Antigravity Sep 2026/sistem kenderaan/vendor/laravel/framework/src/Illuminate/Container/BoundMethod.php(84): Illuminate\\Container\\Util::unwrapIfClosure(Object(Closure))
#17 /Users/asm/Documents/Test Antigravity Sep 2026/sistem kenderaan/vendor/laravel/framework/src/Illuminate/Container/BoundMethod.php(35): Illuminate\\Container\\BoundMethod::callBoundMethod(Object(Illuminate\\Foundation\\Application), Object(Closure), Object(Closure))
#18 /Users/asm/Documents/Test Antigravity Sep 2026/sistem kenderaan/vendor/laravel/framework/src/Illuminate/Container/Container.php(803): Illuminate\\Container\\BoundMethod::call(Object(Illuminate\\Foundation\\Application), Object(Closure), Array, NULL)
#19 /Users/asm/Documents/Test Antigravity Sep 2026/sistem kenderaan/vendor/laravel/framework/src/Illuminate/Support/ServiceProvider.php(150): Illuminate\\Container\\Container->call(Object(Closure))
#20 /Users/asm/Documents/Test Antigravity Sep 2026/sistem kenderaan/vendor/laravel/framework/src/Illuminate/Foundation/Application.php(1161): Illuminate\\Support\\ServiceProvider->callBootedCallbacks()
#21 /Users/asm/Documents/Test Antigravity Sep 2026/sistem kenderaan/vendor/laravel/framework/src/Illuminate/Foundation/Application.php(1139): Illuminate\\Foundation\\Application->bootProvider(Object(Illuminate\\Foundation\\Support\\Providers\\RouteServiceProvider))
#22 [internal function]: Illuminate\\Foundation\\Application->{closure:Illuminate\\Foundation\\Application::boot():1138}(Object(Illuminate\\Foundation\\Support\\Providers\\RouteServiceProvider), 'Illuminate\\\\Foun...')
#23 /Users/asm/Documents/Test Antigravity Sep 2026/sistem kenderaan/vendor/laravel/framework/src/Illuminate/Foundation/Application.php(1138): array_walk(Array, Object(Closure))
#24 /Users/asm/Documents/Test Antigravity Sep 2026/sistem kenderaan/vendor/laravel/framework/src/Illuminate/Foundation/Bootstrap/BootProviders.php(17): Illuminate\\Foundation\\Application->boot()
#25 /Users/asm/Documents/Test Antigravity Sep 2026/sistem kenderaan/vendor/laravel/framework/src/Illuminate/Foundation/Application.php(349): Illuminate\\Foundation\\Bootstrap\\BootProviders->bootstrap(Object(Illuminate\\Foundation\\Application))
#26 /Users/asm/Documents/Test Antigravity Sep 2026/sistem kenderaan/vendor/laravel/framework/src/Illuminate/Foundation/Console/Kernel.php(507): Illuminate\\Foundation\\Application->bootstrapWith(Array)
#27 /Users/asm/Documents/Test Antigravity Sep 2026/sistem kenderaan/vendor/laravel/framework/src/Illuminate/Foundation/Console/Kernel.php(196): Illuminate\\Foundation\\Console\\Kernel->bootstrap()
#28 /Users/asm/Documents/Test Antigravity Sep 2026/sistem kenderaan/vendor/laravel/framework/src/Illuminate/Foundation/Application.php(1242): Illuminate\\Foundation\\Console\\Kernel->handle(Object(Symfony\\Component\\Console\\Input\\ArgvInput), Object(Symfony\\Component\\Console\\Output\\ConsoleOutput))
#29 /Users/asm/Documents/Test Antigravity Sep 2026/sistem kenderaan/artisan(16): Illuminate\\Foundation\\Application->handleCommand(Object(Symfony\\Component\\Console\\Input\\ArgvInput))
#30 {main}
"} 
[2026-10-01 06:50:40] local.ERROR: There are no commands defined in the "boost" namespace. {"exception":"[object] (Symfony\\Component\\Console\\Exception\\NamespaceNotFoundException(code: 0): There are no commands defined in the \"boost\" namespace. at /Users/asm/Documents/Test Antigravity Sep 2026/sistem kenderaan/vendor/symfony/console/Application.php:716)
[stacktrace]
#0 /Users/asm/Documents/Test Antigravity Sep 2026/sistem kenderaan/vendor/symfony/console/Descriptor/ApplicationDescription.php(84): Symfony\\Component\\Console\\Application->findNamespace('boost')
#1 /Users/asm/Documents/Test Antigravity Sep 2026/sistem kenderaan/vendor/symfony/console/Descriptor/ApplicationDescription.php(61): Symfony\\Component\\Console\\Descriptor\\ApplicationDescription->inspectApplication()
#2 /Users/asm/Documents/Test Antigravity Sep 2026/sistem kenderaan/vendor/symfony/console/Descriptor/TextDescriptor.php(185): Symfony\\Component\\Console\\Descriptor\\ApplicationDescription->getCommands()
#3 /Users/asm/Documents/Test Antigravity Sep 2026/sistem kenderaan/vendor/symfony/console/Descriptor/Descriptor.php(40): Symfony\\Component\\Console\\Descriptor\\TextDescriptor->describeApplication(Object(Illuminate\\Console\\Application), Array)
#4 /Users/asm/Documents/Test Antigravity Sep 2026/sistem kenderaan/vendor/symfony/console/Helper/DescriptorHelper.php(67): Symfony\\Component\\Console\\Descriptor\\Descriptor->describe(Object(Symfony\\Component\\Console\\Output\\ConsoleOutput), Object(Illuminate\\Console\\Application), Array)
#5 /Users/asm/Documents/Test Antigravity Sep 2026/sistem kenderaan/vendor/symfony/console/Command/ListCommand.php(63): Symfony\\Component\\Console\\Helper\\DescriptorHelper->describe(Object(Symfony\\Component\\Console\\Output\\ConsoleOutput), Object(Illuminate\\Console\\Application), Array)
#6 /Users/asm/Documents/Test Antigravity Sep 2026/sistem kenderaan/vendor/symfony/console/Command/Command.php(285): Symfony\\Component\\Console\\Command\\ListCommand->execute(Object(Symfony\\Component\\Console\\Input\\ArgvInput), Object(Symfony\\Component\\Console\\Output\\ConsoleOutput))
#7 /Users/asm/Documents/Test Antigravity Sep 2026/sistem kenderaan/vendor/symfony/console/Application.php(1144): Symfony\\Component\\Console\\Command\\Command->run(Object(Symfony\\Component\\Console\\Input\\ArgvInput), Object(Symfony\\Component\\Console\\Output\\ConsoleOutput))
#8 /Users/asm/Documents/Test Antigravity Sep 2026/sistem kenderaan/vendor/symfony/console/Application.php(379): Symfony\\Component\\Console\\Application->doRunCommand(Object(Symfony\\Component\\Console\\Command\\ListCommand), Object(Symfony\\Component\\Console\\Input\\ArgvInput), Object(Symfony\\Component\\Console\\Output\\ConsoleOutput))
#9 /Users/asm/Documents/Test Antigravity Sep 2026/sistem kenderaan/vendor/symfony/console/Application.php(218): Symfony\\Component\\Console\\Application->doRun(Object(Symfony\\Component\\Console\\Input\\ArgvInput), Object(Symfony\\Component\\Console\\Output\\ConsoleOutput))
#10 /Users/asm/Documents/Test Antigravity Sep 2026/sistem kenderaan/vendor/laravel/framework/src/Illuminate/Foundation/Console/Kernel.php(198): Symfony\\Component\\Console\\Application->run(Object(Symfony\\Component\\Console\\Input\\ArgvInput), Object(Symfony\\Component\\Console\\Output\\ConsoleOutput))
#11 /Users/asm/Documents/Test Antigravity Sep 2026/sistem kenderaan/vendor/laravel/framework/src/Illuminate/Foundation/Application.php(1242): Illuminate\\Foundation\\Console\\Kernel->handle(Object(Symfony\\Component\\Console\\Input\\ArgvInput), Object(Symfony\\Component\\Console\\Output\\ConsoleOutput))
#12 /Users/asm/Documents/Test Antigravity Sep 2026/sistem kenderaan/artisan(16): Illuminate\\Foundation\\Application->handleCommand(Object(Symfony\\Component\\Console\\Input\\ArgvInput))
#13 {main}
"} 
[2026-10-01 06:57:20] local.ERROR: Class "App\Http\Controllers\Controller" not found {"exception":"[object] (Error(code: 0): Class \"App\\Http\\Controllers\\Controller\" not found at /Users/asm/Documents/Test Antigravity Sep 2026/sistem kenderaan/app/Http/Controllers/AuthController.php:12)
[stacktrace]
#0 /Users/asm/Documents/Test Antigravity Sep 2026/sistem kenderaan/vendor/composer/ClassLoader.php(576): include()
#1 /Users/asm/Documents/Test Antigravity Sep 2026/sistem kenderaan/vendor/composer/ClassLoader.php(427): {closure:Composer\\Autoload\\ClassLoader::initializeIncludeClosure():575}('/Users/asm/Docu...')
#2 [internal function]: Composer\\Autoload\\ClassLoader->loadClass('App\\\\Http\\\\Contro...')
#3 /Users/asm/Documents/Test Antigravity Sep 2026/sistem kenderaan/vendor/laravel/framework/src/Illuminate/Routing/Route.php(1182): ReflectionClass->__construct('App\\\\Http\\\\Contro...')
#4 /Users/asm/Documents/Test Antigravity Sep 2026/sistem kenderaan/vendor/laravel/framework/src/Illuminate/Routing/Route.php(1132): Illuminate\\Routing\\Route->attributeProvidedControllerMiddleware('App\\\\Http\\\\Contro...', 'showLogin')
#5 /Users/asm/Documents/Test Antigravity Sep 2026/sistem kenderaan/vendor/laravel/framework/src/Illuminate/Routing/Route.php(1069): Illuminate\\Routing\\Route->controllerMiddleware()
#6 /Users/asm/Documents/Test Antigravity Sep 2026/sistem kenderaan/vendor/laravel/framework/src/Illuminate/Routing/Router.php(834): Illuminate\\Routing\\Route->gatherMiddleware()
#7 /Users/asm/Documents/Test Antigravity Sep 2026/sistem kenderaan/vendor/laravel/framework/src/Illuminate/Foundation/Console/RouteListCommand.php(240): Illuminate\\Routing\\Router->gatherRouteMiddleware(Object(Illuminate\\Routing\\Route))
#8 /Users/asm/Documents/Test Antigravity Sep 2026/sistem kenderaan/vendor/laravel/framework/src/Illuminate/Foundation/Console/RouteListCommand.php(159): Illuminate\\Foundation\\Console\\RouteListCommand->getMiddleware(Object(Illuminate\\Routing\\Route))
#9 /Users/asm/Documents/Test Antigravity Sep 2026/sistem kenderaan/vendor/laravel/framework/src/Illuminate/Foundation/Console/RouteListCommand.php(128): Illuminate\\Foundation\\Console\\RouteListCommand->getRouteInformation(Object(Illuminate\\Routing\\Route))
#10 [internal function]: Illuminate\\Foundation\\Console\\RouteListCommand->{closure:Illuminate\\Foundation\\Console\\RouteListCommand::getRoutes():128}(Object(Illuminate\\Routing\\Route), 1)
#11 /Users/asm/Documents/Test Antigravity Sep 2026/sistem kenderaan/vendor/laravel/framework/src/Illuminate/Collections/Arr.php(858): array_map(Object(Closure), Array, Array)
#12 /Users/asm/Documents/Test Antigravity Sep 2026/sistem kenderaan/vendor/laravel/framework/src/Illuminate/Collections/Collection.php(831): Illuminate\\Support\\Arr::map(Array, Object(Closure))
#13 /Users/asm/Documents/Test Antigravity Sep 2026/sistem kenderaan/vendor/laravel/framework/src/Illuminate/Foundation/Console/RouteListCommand.php(128): Illuminate\\Support\\Collection->map(Object(Closure))
#14 /Users/asm/Documents/Test Antigravity Sep 2026/sistem kenderaan/vendor/laravel/framework/src/Illuminate/Foundation/Console/RouteListCommand.php(113): Illuminate\\Foundation\\Console\\RouteListCommand->getRoutes()
#15 /Users/asm/Documents/Test Antigravity Sep 2026/sistem kenderaan/vendor/laravel/framework/src/Illuminate/Container/BoundMethod.php(36): Illuminate\\Foundation\\Console\\RouteListCommand->handle()
#16 /Users/asm/Documents/Test Antigravity Sep 2026/sistem kenderaan/vendor/laravel/framework/src/Illuminate/Container/Util.php(43): Illuminate\\Container\\BoundMethod::{closure:Illuminate\\Container\\BoundMethod::call():35}()
#17 /Users/asm/Documents/Test Antigravity Sep 2026/sistem kenderaan/vendor/laravel/framework/src/Illuminate/Container/BoundMethod.php(96): Illuminate\\Container\\Util::unwrapIfClosure(Object(Closure))
#18 /Users/asm/Documents/Test Antigravity Sep 2026/sistem kenderaan/vendor/laravel/framework/src/Illuminate/Container/BoundMethod.php(35): Illuminate\\Container\\BoundMethod::callBoundMethod(Object(Illuminate\\Foundation\\Application), Array, Object(Closure))
#19 /Users/asm/Documents/Test Antigravity Sep 2026/sistem kenderaan/vendor/laravel/framework/src/Illuminate/Container/Container.php(803): Illuminate\\Container\\BoundMethod::call(Object(Illuminate\\Foundation\\Application), Array, Array, NULL)
#20 /Users/asm/Documents/Test Antigravity Sep 2026/sistem kenderaan/vendor/laravel/framework/src/Illuminate/Console/Command.php(292): Illuminate\\Container\\Container->call(Array)
#21 /Users/asm/Documents/Test Antigravity Sep 2026/sistem kenderaan/vendor/symfony/console/Command/Command.php(285): Illuminate\\Console\\Command->execute(Object(Symfony\\Component\\Console\\Input\\ArgvInput), Object(Laravel\\Pao\\Laravel\\PaoOutputStyle))
#22 /Users/asm/Documents/Test Antigravity Sep 2026/sistem kenderaan/vendor/laravel/framework/src/Illuminate/Console/Command.php(261): Symfony\\Component\\Console\\Command\\Command->run(Object(Symfony\\Component\\Console\\Input\\ArgvInput), Object(Laravel\\Pao\\Laravel\\PaoOutputStyle))
#23 /Users/asm/Documents/Test Antigravity Sep 2026/sistem kenderaan/vendor/symfony/console/Application.php(1144): Illuminate\\Console\\Command->run(Object(Symfony\\Component\\Console\\Input\\ArgvInput), Object(Symfony\\Component\\Console\\Output\\ConsoleOutput))
#24 /Users/asm/Documents/Test Antigravity Sep 2026/sistem kenderaan/vendor/symfony/console/Application.php(379): Symfony\\Component\\Console\\Application->doRunCommand(Object(Illuminate\\Foundation\\Console\\RouteListCommand), Object(Symfony\\Component\\Console\\Input\\ArgvInput), Object(Symfony\\Component\\Console\\Output\\ConsoleOutput))
#25 /Users/asm/Documents/Test Antigravity Sep 2026/sistem kenderaan/vendor/symfony/console/Application.php(218): Symfony\\Component\\Console\\Application->doRun(Object(Symfony\\Component\\Console\\Input\\ArgvInput), Object(Symfony\\Component\\Console\\Output\\ConsoleOutput))
#26 /Users/asm/Documents/Test Antigravity Sep 2026/sistem kenderaan/vendor/laravel/framework/src/Illuminate/Foundation/Console/Kernel.php(198): Symfony\\Component\\Console\\Application->run(Object(Symfony\\Component\\Console\\Input\\ArgvInput), Object(Symfony\\Component\\Console\\Output\\ConsoleOutput))
#27 /Users/asm/Documents/Test Antigravity Sep 2026/sistem kenderaan/vendor/laravel/framework/src/Illuminate/Foundation/Application.php(1242): Illuminate\\Foundation\\Console\\Kernel->handle(Object(Symfony\\Component\\Console\\Input\\ArgvInput), Object(Symfony\\Component\\Console\\Output\\ConsoleOutput))
#28 /Users/asm/Documents/Test Antigravity Sep 2026/sistem kenderaan/artisan(16): Illuminate\\Foundation\\Application->handleCommand(Object(Symfony\\Component\\Console\\Input\\ArgvInput))
#29 {main}
"} 
[2026-10-01 07:09:13] testing.ERROR: Undefined array key "applicant_department" {"userId":3,"exception":"[object] (ErrorException(code: 0): Undefined array key \"applicant_department\" at /Users/asm/Documents/Test Antigravity Sep 2026/sistem kenderaan/app/Http/Controllers/VehicleRequestController.php:165)
[stacktrace]
#0 /Users/asm/Documents/Test Antigravity Sep 2026/sistem kenderaan/vendor/laravel/framework/src/Illuminate/Foundation/Bootstrap/HandleExceptions.php(265): Illuminate\\Foundation\\Bootstrap\\HandleExceptions->handleError(2, 'Undefined array...', '/Users/asm/Docu...', 165)
#1 /Users/asm/Documents/Test Antigravity Sep 2026/sistem kenderaan/app/Http/Controllers/VehicleRequestController.php(165): Illuminate\\Foundation\\Bootstrap\\HandleExceptions->{closure:Illuminate\\Foundation\\Bootstrap\\HandleExceptions::forwardsTo():264}(2, 'Undefined array...', '/Users/asm/Docu...', 165)
#2 /Users/asm/Documents/Test Antigravity Sep 2026/sistem kenderaan/vendor/laravel/framework/src/Illuminate/Routing/ControllerDispatcher.php(46): App\\Http\\Controllers\\VehicleRequestController->store(Object(Illuminate\\Http\\Request))
#3 /Users/asm/Documents/Test Antigravity Sep 2026/sistem kenderaan/vendor/laravel/framework/src/Illuminate/Routing/Route.php(276): Illuminate\\Routing\\ControllerDispatcher->dispatch(Object(Illuminate\\Routing\\Route), Object(App\\Http\\Controllers\\VehicleRequestController), 'store')
#4 /Users/asm/Documents/Test Antigravity Sep 2026/sistem kenderaan/vendor/laravel/framework/src/Illuminate/Routing/Route.php(216): Illuminate\\Routing\\Route->runController()
#5 /Users/asm/Documents/Test Antigravity Sep 2026/sistem kenderaan/vendor/laravel/framework/src/Illuminate/Routing/Router.php(822): Illuminate\\Routing\\Route->run()
#6 /Users/asm/Documents/Test Antigravity Sep 2026/sistem kenderaan/vendor/laravel/framework/src/Illuminate/Pipeline/Pipeline.php(180): Illuminate\\Routing\\Router->{closure:Illuminate\\Routing\\Router::runRouteWithinStack():821}(Object(Illuminate\\Http\\Request))
#7 /Users/asm/Documents/Test Antigravity Sep 2026/sistem kenderaan/vendor/laravel/framework/src/Illuminate/Routing/Middleware/SubstituteBindings.php(52): Illuminate\\Pipeline\\Pipeline->{closure:Illuminate\\Pipeline\\Pipeline::prepareDestination():178}(Object(Illuminate\\Http\\Request))
#8 /Users/asm/Documents/Test Antigravity Sep 2026/sistem kenderaan/vendor/laravel/framework/src/Illuminate/Pipeline/Pipeline.php(219): Illuminate\\Routing\\Middleware\\SubstituteBindings->handle(Object(Illuminate\\Http\\Request), Object(Closure))
#9 /Users/asm/Documents/Test Antigravity Sep 2026/sistem kenderaan/vendor/laravel/framework/src/Illuminate/Auth/Middleware/Authenticate.php(63): Illuminate\\Pipeline\\Pipeline->{closure:{closure:Illuminate\\Pipeline\\Pipeline::carry():194}:195}(Object(Illuminate\\Http\\Request))
#10 /Users/asm/Documents/Test Antigravity Sep 2026/sistem kenderaan/vendor/laravel/framework/src/Illuminate/Pipeline/Pipeline.php(219): Illuminate\\Auth\\Middleware\\Authenticate->handle(Object(Illuminate\\Http\\Request), Object(Closure))
#11 /Users/asm/Documents/Test Antigravity Sep 2026/sistem kenderaan/vendor/laravel/framework/src/Illuminate/Foundation/Http/Middleware/PreventRequestForgery.php(104): Illuminate\\Pipeline\\Pipeline->{closure:{closure:Illuminate\\Pipeline\\Pipeline::carry():194}:195}(Object(Illuminate\\Http\\Request))
#12 /Users/asm/Documents/Test Antigravity Sep 2026/sistem kenderaan/vendor/laravel/framework/src/Illuminate/Pipeline/Pipeline.php(219): Illuminate\\Foundation\\Http\\Middleware\\PreventRequestForgery->handle(Object(Illuminate\\Http\\Request), Object(Closure))
#13 /Users/asm/Documents/Test Antigravity Sep 2026/sistem kenderaan/vendor/laravel/framework/src/Illuminate/View/Middleware/ShareErrorsFromSession.php(48): Illuminate\\Pipeline\\Pipeline->{closure:{closure:Illuminate\\Pipeline\\Pipeline::carry():194}:195}(Object(Illuminate\\Http\\Request))
#14 /Users/asm/Documents/Test Antigravity Sep 2026/sistem kenderaan/vendor/laravel/framework/src/Illuminate/Pipeline/Pipeline.php(219): Illuminate\\View\\Middleware\\ShareErrorsFromSession->handle(Object(Illuminate\\Http\\Request), Object(Closure))
#15 /Users/asm/Documents/Test Antigravity Sep 2026/sistem kenderaan/vendor/laravel/framework/src/Illuminate/Session/Middleware/StartSession.php(120): Illuminate\\Pipeline\\Pipeline->{closure:{closure:Illuminate\\Pipeline\\Pipeline::carry():194}:195}(Object(Illuminate\\Http\\Request))
#16 /Users/asm/Documents/Test Antigravity Sep 2026/sistem kenderaan/vendor/laravel/framework/src/Illuminate/Session/Middleware/StartSession.php(63): Illuminate\\Session\\Middleware\\StartSession->handleStatefulRequest(Object(Illuminate\\Http\\Request), Object(Illuminate\\Session\\Store), Object(Closure))
#17 /Users/asm/Documents/Test Antigravity Sep 2026/sistem kenderaan/vendor/laravel/framework/src/Illuminate/Pipeline/Pipeline.php(219): Illuminate\\Session\\Middleware\\StartSession->handle(Object(Illuminate\\Http\\Request), Object(Closure))
#18 /Users/asm/Documents/Test Antigravity Sep 2026/sistem kenderaan/vendor/laravel/framework/src/Illuminate/Cookie/Middleware/AddQueuedCookiesToResponse.php(36): Illuminate\\Pipeline\\Pipeline->{closure:{closure:Illuminate\\Pipeline\\Pipeline::carry():194}:195}(Object(Illuminate\\Http\\Request))
#19 /Users/asm/Documents/Test Antigravity Sep 2026/sistem kenderaan/vendor/laravel/framework/src/Illuminate/Pipeline/Pipeline.php(219): Illuminate\\Cookie\\Middleware\\AddQueuedCookiesToResponse->handle(Object(Illuminate\\Http\\Request), Object(Closure))
#20 /Users/asm/Documents/Test Antigravity Sep 2026/sistem kenderaan/vendor/laravel/framework/src/Illuminate/Cookie/Middleware/EncryptCookies.php(74): Illuminate\\Pipeline\\Pipeline->{closure:{closure:Illuminate\\Pipeline\\Pipeline::carry():194}:195}(Object(Illuminate\\Http\\Request))
#21 /Users/asm/Documents/Test Antigravity Sep 2026/sistem kenderaan/vendor/laravel/framework/src/Illuminate/Pipeline/Pipeline.php(219): Illuminate\\Cookie\\Middleware\\EncryptCookies->handle(Object(Illuminate\\Http\\Request), Object(Closure))
#22 /Users/asm/Documents/Test Antigravity Sep 2026/sistem kenderaan/vendor/laravel/framework/src/Illuminate/Pipeline/Pipeline.php(137): Illuminate\\Pipeline\\Pipeline->{closure:{closure:Illuminate\\Pipeline\\Pipeline::carry():194}:195}(Object(Illuminate\\Http\\Request))
#23 /Users/asm/Documents/Test Antigravity Sep 2026/sistem kenderaan/vendor/laravel/framework/src/Illuminate/Routing/Router.php(821): Illuminate\\Pipeline\\Pipeline->then(Object(Closure))
#24 /Users/asm/Documents/Test Antigravity Sep 2026/sistem kenderaan/vendor/laravel/framework/src/Illuminate/Routing/Router.php(800): Illuminate\\Routing\\Router->runRouteWithinStack(Object(Illuminate\\Routing\\Route), Object(Illuminate\\Http\\Request))
#25 /Users/asm/Documents/Test Antigravity Sep 2026/sistem kenderaan/vendor/laravel/framework/src/Illuminate/Routing/Router.php(764): Illuminate\\Routing\\Router->runRoute(Object(Illuminate\\Http\\Request), Object(Illuminate\\Routing\\Route))
#26 /Users/asm/Documents/Test Antigravity Sep 2026/sistem kenderaan/vendor/laravel/framework/src/Illuminate/Routing/Router.php(753): Illuminate\\Routing\\Router->dispatchToRoute(Object(Illuminate\\Http\\Request))
#27 /Users/asm/Documents/Test Antigravity Sep 2026/sistem kenderaan/vendor/laravel/framework/src/Illuminate/Foundation/Http/Kernel.php(200): Illuminate\\Routing\\Router->dispatch(Object(Illuminate\\Http\\Request))
#28 /Users/asm/Documents/Test Antigravity Sep 2026/sistem kenderaan/vendor/laravel/framework/src/Illuminate/Pipeline/Pipeline.php(180): Illuminate\\Foundation\\Http\\Kernel->{closure:Illuminate\\Foundation\\Http\\Kernel::dispatchToRouter():197}(Object(Illuminate\\Http\\Request))
#29 /Users/asm/Documents/Test Antigravity Sep 2026/sistem kenderaan/vendor/laravel/framework/src/Illuminate/Foundation/Http/Middleware/TransformsRequest.php(21): Illuminate\\Pipeline\\Pipeline->{closure:Illuminate\\Pipeline\\Pipeline::prepareDestination():178}(Object(Illuminate\\Http\\Request))
#30 /Users/asm/Documents/Test Antigravity Sep 2026/sistem kenderaan/vendor/laravel/framework/src/Illuminate/Foundation/Http/Middleware/ConvertEmptyStringsToNull.php(31): Illuminate\\Foundation\\Http\\Middleware\\TransformsRequest->handle(Object(Illuminate\\Http\\Request), Object(Closure))
#31 /Users/asm/Documents/Test Antigravity Sep 2026/sistem kenderaan/vendor/laravel/framework/src/Illuminate/Pipeline/Pipeline.php(219): Illuminate\\Foundation\\Http\\Middleware\\ConvertEmptyStringsToNull->handle(Object(Illuminate\\Http\\Request), Object(Closure))
#32 /Users/asm/Documents/Test Antigravity Sep 2026/sistem kenderaan/vendor/laravel/framework/src/Illuminate/Foundation/Http/Middleware/TransformsRequest.php(21): Illuminate\\Pipeline\\Pipeline->{closure:{closure:Illuminate\\Pipeline\\Pipeline::carry():194}:195}(Object(Illuminate\\Http\\Request))
#33 /Users/asm/Documents/Test Antigravity Sep 2026/sistem kenderaan/vendor/laravel/framework/src/Illuminate/Foundation/Http/Middleware/TrimStrings.php(51): Illuminate\\Foundation\\Http\\Middleware\\TransformsRequest->handle(Object(Illuminate\\Http\\Request), Object(Closure))
#34 /Users/asm/Documents/Test Antigravity Sep 2026/sistem kenderaan/vendor/laravel/framework/src/Illuminate/Pipeline/Pipeline.php(219): Illuminate\\Foundation\\Http\\Middleware\\TrimStrings->handle(Object(Illuminate\\Http\\Request), Object(Closure))
#35 /Users/asm/Documents/Test Antigravity Sep 2026/sistem kenderaan/vendor/laravel/framework/src/Illuminate/Http/Middleware/ValidatePostSize.php(27): Illuminate\\Pipeline\\Pipeline->{closure:{closure:Illuminate\\Pipeline\\Pipeline::carry():194}:195}(Object(Illuminate\\Http\\Request))
#36 /Users/asm/Documents/Test Antigravity Sep 2026/sistem kenderaan/vendor/laravel/framework/src/Illuminate/Pipeline/Pipeline.php(219): Illuminate\\Http\\Middleware\\ValidatePostSize->handle(Object(Illuminate\\Http\\Request), Object(Closure))
#37 /Users/asm/Documents/Test Antigravity Sep 2026/sistem kenderaan/vendor/laravel/framework/src/Illuminate/Foundation/Http/Middleware/PreventRequestsDuringMaintenance.php(110): Illuminate\\Pipeline\\Pipeline->{closure:{closure:Illuminate\\Pipeline\\Pipeline::carry():194}:195}(Object(Illuminate\\Http\\Request))
#38 /Users/asm/Documents/Test Antigravity Sep 2026/sistem kenderaan/vendor/laravel/framework/src/Illuminate/Pipeline/Pipeline.php(219): Illuminate\\Foundation\\Http\\Middleware\\PreventRequestsDuringMaintenance->handle(Object(Illuminate\\Http\\Request), Object(Closure))
#39 /Users/asm/Documents/Test Antigravity Sep 2026/sistem kenderaan/vendor/laravel/framework/src/Illuminate/Http/Middleware/HandleCors.php(61): Illuminate\\Pipeline\\Pipeline->{closure:{closure:Illuminate\\Pipeline\\Pipeline::carry():194}:195}(Object(Illuminate\\Http\\Request))
#40 /Users/asm/Documents/Test Antigravity Sep 2026/sistem kenderaan/vendor/laravel/framework/src/Illuminate/Pipeline/Pipeline.php(219): Illuminate\\Http\\Middleware\\HandleCors->handle(Object(Illuminate\\Http\\Request), Object(Closure))
#41 /Users/asm/Documents/Test Antigravity Sep 2026/sistem kenderaan/vendor/laravel/framework/src/Illuminate/Http/Middleware/TrustProxies.php(58): Illuminate\\Pipeline\\Pipeline->{closure:{closure:Illuminate\\Pipeline\\Pipeline::carry():194}:195}(Object(Illuminate\\Http\\Request))
#42 /Users/asm/Documents/Test Antigravity Sep 2026/sistem kenderaan/vendor/laravel/framework/src/Illuminate/Pipeline/Pipeline.php(219): Illuminate\\Http\\Middleware\\TrustProxies->handle(Object(Illuminate\\Http\\Request), Object(Closure))
#43 /Users/asm/Documents/Test Antigravity Sep 2026/sistem kenderaan/vendor/laravel/framework/src/Illuminate/Foundation/Http/Middleware/InvokeDeferredCallbacks.php(22): Illuminate\\Pipeline\\Pipeline->{closure:{closure:Illuminate\\Pipeline\\Pipeline::carry():194}:195}(Object(Illuminate\\Http\\Request))
#44 /Users/asm/Documents/Test Antigravity Sep 2026/sistem kenderaan/vendor/laravel/framework/src/Illuminate/Pipeline/Pipeline.php(219): Illuminate\\Foundation\\Http\\Middleware\\InvokeDeferredCallbacks->handle(Object(Illuminate\\Http\\Request), Object(Closure))
#45 /Users/asm/Documents/Test Antigravity Sep 2026/sistem kenderaan/vendor/laravel/framework/src/Illuminate/Http/Middleware/ValidatePathEncoding.php(28): Illuminate\\Pipeline\\Pipeline->{closure:{closure:Illuminate\\Pipeline\\Pipeline::carry():194}:195}(Object(Illuminate\\Http\\Request))
#46 /Users/asm/Documents/Test Antigravity Sep 2026/sistem kenderaan/vendor/laravel/framework/src/Illuminate/Pipeline/Pipeline.php(219): Illuminate\\Http\\Middleware\\ValidatePathEncoding->handle(Object(Illuminate\\Http\\Request), Object(Closure))
#47 /Users/asm/Documents/Test Antigravity Sep 2026/sistem kenderaan/vendor/laravel/framework/src/Illuminate/Pipeline/Pipeline.php(137): Illuminate\\Pipeline\\Pipeline->{closure:{closure:Illuminate\\Pipeline\\Pipeline::carry():194}:195}(Object(Illuminate\\Http\\Request))
#48 /Users/asm/Documents/Test Antigravity Sep 2026/sistem kenderaan/vendor/laravel/framework/src/Illuminate/Foundation/Http/Kernel.php(175): Illuminate\\Pipeline\\Pipeline->then(Object(Closure))
#49 /Users/asm/Documents/Test Antigravity Sep 2026/sistem kenderaan/vendor/laravel/framework/src/Illuminate/Foundation/Http/Kernel.php(144): Illuminate\\Foundation\\Http\\Kernel->sendRequestThroughRouter(Object(Illuminate\\Http\\Request))
#50 /Users/asm/Documents/Test Antigravity Sep 2026/sistem kenderaan/vendor/laravel/framework/src/Illuminate/Foundation/Testing/Concerns/MakesHttpRequests.php(638): Illuminate\\Foundation\\Http\\Kernel->handle(Object(Illuminate\\Http\\Request))
#51 /Users/asm/Documents/Test Antigravity Sep 2026/sistem kenderaan/vendor/laravel/framework/src/Illuminate/Foundation/Testing/Concerns/MakesHttpRequests.php(397): Illuminate\\Foundation\\Testing\\TestCase->call('POST', 'http://localhos...', Array, Array, Array, Array)
#52 /Users/asm/Documents/Test Antigravity Sep 2026/sistem kenderaan/tests/Feature/VehicleManagementSystemTest.php(119): Illuminate\\Foundation\\Testing\\TestCase->post('http://localhos...', Array)
#53 /Users/asm/Documents/Test Antigravity Sep 2026/sistem kenderaan/vendor/phpunit/phpunit/src/Framework/TestCase.php(1318): Tests\\Feature\\VehicleManagementSystemTest->test_scenario_01_applicant_submits_vehicle_request()
#54 /Users/asm/Documents/Test Antigravity Sep 2026/sistem kenderaan/vendor/phpunit/phpunit/src/Framework/TestCase.php(1355): PHPUnit\\Framework\\TestCase->invokeTestMethod('test_scenario_0...', Array)
#55 /Users/asm/Documents/Test Antigravity Sep 2026/sistem kenderaan/vendor/phpunit/phpunit/src/Framework/TestCase.php(521): PHPUnit\\Framework\\TestCase->runTest()
#56 /Users/asm/Documents/Test Antigravity Sep 2026/sistem kenderaan/vendor/phpunit/phpunit/src/Framework/TestRunner/TestRunner.php(99): PHPUnit\\Framework\\TestCase->runBare()
#57 /Users/asm/Documents/Test Antigravity Sep 2026/sistem kenderaan/vendor/phpunit/phpunit/src/Framework/TestCase.php(361): PHPUnit\\Framework\\TestRunner->run(Object(Tests\\Feature\\VehicleManagementSystemTest))
#58 /Users/asm/Documents/Test Antigravity Sep 2026/sistem kenderaan/vendor/phpunit/phpunit/src/Framework/TestSuite.php(374): PHPUnit\\Framework\\TestCase->run()
#59 /Users/asm/Documents/Test Antigravity Sep 2026/sistem kenderaan/vendor/phpunit/phpunit/src/Framework/TestSuite.php(374): PHPUnit\\Framework\\TestSuite->run()
#60 /Users/asm/Documents/Test Antigravity Sep 2026/sistem kenderaan/vendor/phpunit/phpunit/src/Framework/TestSuite.php(374): PHPUnit\\Framework\\TestSuite->run()
#61 /Users/asm/Documents/Test Antigravity Sep 2026/sistem kenderaan/vendor/phpunit/phpunit/src/TextUI/TestRunner.php(64): PHPUnit\\Framework\\TestSuite->run()
#62 /Users/asm/Documents/Test Antigravity Sep 2026/sistem kenderaan/vendor/phpunit/phpunit/src/TextUI/Application.php(229): PHPUnit\\TextUI\\TestRunner->run(Object(PHPUnit\\TextUI\\Configuration\\Configuration), Object(PHPUnit\\Runner\\ResultCache\\DefaultResultCache), Object(PHPUnit\\Framework\\TestSuite))
#63 /Users/asm/Documents/Test Antigravity Sep 2026/sistem kenderaan/vendor/phpunit/phpunit/phpunit(104): PHPUnit\\TextUI\\Application->run(Array)
#64 {main}
"} 
[2026-10-01 07:09:13] testing.ERROR: Undefined array key "applicant_department" {"userId":3,"exception":"[object] (ErrorException(code: 0): Undefined array key \"applicant_department\" at /Users/asm/Documents/Test Antigravity Sep 2026/sistem kenderaan/app/Http/Controllers/VehicleRequestController.php:165)
[stacktrace]
#0 /Users/asm/Documents/Test Antigravity Sep 2026/sistem kenderaan/vendor/laravel/framework/src/Illuminate/Foundation/Bootstrap/HandleExceptions.php(265): Illuminate\\Foundation\\Bootstrap\\HandleExceptions->handleError(2, 'Undefined array...', '/Users/asm/Docu...', 165)
#1 /Users/asm/Documents/Test Antigravity Sep 2026/sistem kenderaan/app/Http/Controllers/VehicleRequestController.php(165): Illuminate\\Foundation\\Bootstrap\\HandleExceptions->{closure:Illuminate\\Foundation\\Bootstrap\\HandleExceptions::forwardsTo():264}(2, 'Undefined array...', '/Users/asm/Docu...', 165)
#2 /Users/asm/Documents/Test Antigravity Sep 2026/sistem kenderaan/vendor/laravel/framework/src/Illuminate/Routing/ControllerDispatcher.php(46): App\\Http\\Controllers\\VehicleRequestController->store(Object(Illuminate\\Http\\Request))
#3 /Users/asm/Documents/Test Antigravity Sep 2026/sistem kenderaan/vendor/laravel/framework/src/Illuminate/Routing/Route.php(276): Illuminate\\Routing\\ControllerDispatcher->dispatch(Object(Illuminate\\Routing\\Route), Object(App\\Http\\Controllers\\VehicleRequestController), 'store')
#4 /Users/asm/Documents/Test Antigravity Sep 2026/sistem kenderaan/vendor/laravel/framework/src/Illuminate/Routing/Route.php(216): Illuminate\\Routing\\Route->runController()
#5 /Users/asm/Documents/Test Antigravity Sep 2026/sistem kenderaan/vendor/laravel/framework/src/Illuminate/Routing/Router.php(822): Illuminate\\Routing\\Route->run()
#6 /Users/asm/Documents/Test Antigravity Sep 2026/sistem kenderaan/vendor/laravel/framework/src/Illuminate/Pipeline/Pipeline.php(180): Illuminate\\Routing\\Router->{closure:Illuminate\\Routing\\Router::runRouteWithinStack():821}(Object(Illuminate\\Http\\Request))
#7 /Users/asm/Documents/Test Antigravity Sep 2026/sistem kenderaan/vendor/laravel/framework/src/Illuminate/Routing/Middleware/SubstituteBindings.php(52): Illuminate\\Pipeline\\Pipeline->{closure:Illuminate\\Pipeline\\Pipeline::prepareDestination():178}(Object(Illuminate\\Http\\Request))
#8 /Users/asm/Documents/Test Antigravity Sep 2026/sistem kenderaan/vendor/laravel/framework/src/Illuminate/Pipeline/Pipeline.php(219): Illuminate\\Routing\\Middleware\\SubstituteBindings->handle(Object(Illuminate\\Http\\Request), Object(Closure))
#9 /Users/asm/Documents/Test Antigravity Sep 2026/sistem kenderaan/vendor/laravel/framework/src/Illuminate/Auth/Middleware/Authenticate.php(63): Illuminate\\Pipeline\\Pipeline->{closure:{closure:Illuminate\\Pipeline\\Pipeline::carry():194}:195}(Object(Illuminate\\Http\\Request))
#10 /Users/asm/Documents/Test Antigravity Sep 2026/sistem kenderaan/vendor/laravel/framework/src/Illuminate/Pipeline/Pipeline.php(219): Illuminate\\Auth\\Middleware\\Authenticate->handle(Object(Illuminate\\Http\\Request), Object(Closure))
#11 /Users/asm/Documents/Test Antigravity Sep 2026/sistem kenderaan/vendor/laravel/framework/src/Illuminate/Foundation/Http/Middleware/PreventRequestForgery.php(104): Illuminate\\Pipeline\\Pipeline->{closure:{closure:Illuminate\\Pipeline\\Pipeline::carry():194}:195}(Object(Illuminate\\Http\\Request))
#12 /Users/asm/Documents/Test Antigravity Sep 2026/sistem kenderaan/vendor/laravel/framework/src/Illuminate/Pipeline/Pipeline.php(219): Illuminate\\Foundation\\Http\\Middleware\\PreventRequestForgery->handle(Object(Illuminate\\Http\\Request), Object(Closure))
#13 /Users/asm/Documents/Test Antigravity Sep 2026/sistem kenderaan/vendor/laravel/framework/src/Illuminate/View/Middleware/ShareErrorsFromSession.php(48): Illuminate\\Pipeline\\Pipeline->{closure:{closure:Illuminate\\Pipeline\\Pipeline::carry():194}:195}(Object(Illuminate\\Http\\Request))
#14 /Users/asm/Documents/Test Antigravity Sep 2026/sistem kenderaan/vendor/laravel/framework/src/Illuminate/Pipeline/Pipeline.php(219): Illuminate\\View\\Middleware\\ShareErrorsFromSession->handle(Object(Illuminate\\Http\\Request), Object(Closure))
#15 /Users/asm/Documents/Test Antigravity Sep 2026/sistem kenderaan/vendor/laravel/framework/src/Illuminate/Session/Middleware/StartSession.php(120): Illuminate\\Pipeline\\Pipeline->{closure:{closure:Illuminate\\Pipeline\\Pipeline::carry():194}:195}(Object(Illuminate\\Http\\Request))
#16 /Users/asm/Documents/Test Antigravity Sep 2026/sistem kenderaan/vendor/laravel/framework/src/Illuminate/Session/Middleware/StartSession.php(63): Illuminate\\Session\\Middleware\\StartSession->handleStatefulRequest(Object(Illuminate\\Http\\Request), Object(Illuminate\\Session\\Store), Object(Closure))
#17 /Users/asm/Documents/Test Antigravity Sep 2026/sistem kenderaan/vendor/laravel/framework/src/Illuminate/Pipeline/Pipeline.php(219): Illuminate\\Session\\Middleware\\StartSession->handle(Object(Illuminate\\Http\\Request), Object(Closure))
#18 /Users/asm/Documents/Test Antigravity Sep 2026/sistem kenderaan/vendor/laravel/framework/src/Illuminate/Cookie/Middleware/AddQueuedCookiesToResponse.php(36): Illuminate\\Pipeline\\Pipeline->{closure:{closure:Illuminate\\Pipeline\\Pipeline::carry():194}:195}(Object(Illuminate\\Http\\Request))
#19 /Users/asm/Documents/Test Antigravity Sep 2026/sistem kenderaan/vendor/laravel/framework/src/Illuminate/Pipeline/Pipeline.php(219): Illuminate\\Cookie\\Middleware\\AddQueuedCookiesToResponse->handle(Object(Illuminate\\Http\\Request), Object(Closure))
#20 /Users/asm/Documents/Test Antigravity Sep 2026/sistem kenderaan/vendor/laravel/framework/src/Illuminate/Cookie/Middleware/EncryptCookies.php(74): Illuminate\\Pipeline\\Pipeline->{closure:{closure:Illuminate\\Pipeline\\Pipeline::carry():194}:195}(Object(Illuminate\\Http\\Request))
#21 /Users/asm/Documents/Test Antigravity Sep 2026/sistem kenderaan/vendor/laravel/framework/src/Illuminate/Pipeline/Pipeline.php(219): Illuminate\\Cookie\\Middleware\\EncryptCookies->handle(Object(Illuminate\\Http\\Request), Object(Closure))
#22 /Users/asm/Documents/Test Antigravity Sep 2026/sistem kenderaan/vendor/laravel/framework/src/Illuminate/Pipeline/Pipeline.php(137): Illuminate\\Pipeline\\Pipeline->{closure:{closure:Illuminate\\Pipeline\\Pipeline::carry():194}:195}(Object(Illuminate\\Http\\Request))
#23 /Users/asm/Documents/Test Antigravity Sep 2026/sistem kenderaan/vendor/laravel/framework/src/Illuminate/Routing/Router.php(821): Illuminate\\Pipeline\\Pipeline->then(Object(Closure))
#24 /Users/asm/Documents/Test Antigravity Sep 2026/sistem kenderaan/vendor/laravel/framework/src/Illuminate/Routing/Router.php(800): Illuminate\\Routing\\Router->runRouteWithinStack(Object(Illuminate\\Routing\\Route), Object(Illuminate\\Http\\Request))
#25 /Users/asm/Documents/Test Antigravity Sep 2026/sistem kenderaan/vendor/laravel/framework/src/Illuminate/Routing/Router.php(764): Illuminate\\Routing\\Router->runRoute(Object(Illuminate\\Http\\Request), Object(Illuminate\\Routing\\Route))
#26 /Users/asm/Documents/Test Antigravity Sep 2026/sistem kenderaan/vendor/laravel/framework/src/Illuminate/Routing/Router.php(753): Illuminate\\Routing\\Router->dispatchToRoute(Object(Illuminate\\Http\\Request))
#27 /Users/asm/Documents/Test Antigravity Sep 2026/sistem kenderaan/vendor/laravel/framework/src/Illuminate/Foundation/Http/Kernel.php(200): Illuminate\\Routing\\Router->dispatch(Object(Illuminate\\Http\\Request))
#28 /Users/asm/Documents/Test Antigravity Sep 2026/sistem kenderaan/vendor/laravel/framework/src/Illuminate/Pipeline/Pipeline.php(180): Illuminate\\Foundation\\Http\\Kernel->{closure:Illuminate\\Foundation\\Http\\Kernel::dispatchToRouter():197}(Object(Illuminate\\Http\\Request))
#29 /Users/asm/Documents/Test Antigravity Sep 2026/sistem kenderaan/vendor/laravel/framework/src/Illuminate/Foundation/Http/Middleware/TransformsRequest.php(21): Illuminate\\Pipeline\\Pipeline->{closure:Illuminate\\Pipeline\\Pipeline::prepareDestination():178}(Object(Illuminate\\Http\\Request))
#30 /Users/asm/Documents/Test Antigravity Sep 2026/sistem kenderaan/vendor/laravel/framework/src/Illuminate/Foundation/Http/Middleware/ConvertEmptyStringsToNull.php(31): Illuminate\\Foundation\\Http\\Middleware\\TransformsRequest->handle(Object(Illuminate\\Http\\Request), Object(Closure))
#31 /Users/asm/Documents/Test Antigravity Sep 2026/sistem kenderaan/vendor/laravel/framework/src/Illuminate/Pipeline/Pipeline.php(219): Illuminate\\Foundation\\Http\\Middleware\\ConvertEmptyStringsToNull->handle(Object(Illuminate\\Http\\Request), Object(Closure))
#32 /Users/asm/Documents/Test Antigravity Sep 2026/sistem kenderaan/vendor/laravel/framework/src/Illuminate/Foundation/Http/Middleware/TransformsRequest.php(21): Illuminate\\Pipeline\\Pipeline->{closure:{closure:Illuminate\\Pipeline\\Pipeline::carry():194}:195}(Object(Illuminate\\Http\\Request))
#33 /Users/asm/Documents/Test Antigravity Sep 2026/sistem kenderaan/vendor/laravel/framework/src/Illuminate/Foundation/Http/Middleware/TrimStrings.php(51): Illuminate\\Foundation\\Http\\Middleware\\TransformsRequest->handle(Object(Illuminate\\Http\\Request), Object(Closure))
#34 /Users/asm/Documents/Test Antigravity Sep 2026/sistem kenderaan/vendor/laravel/framework/src/Illuminate/Pipeline/Pipeline.php(219): Illuminate\\Foundation\\Http\\Middleware\\TrimStrings->handle(Object(Illuminate\\Http\\Request), Object(Closure))
#35 /Users/asm/Documents/Test Antigravity Sep 2026/sistem kenderaan/vendor/laravel/framework/src/Illuminate/Http/Middleware/ValidatePostSize.php(27): Illuminate\\Pipeline\\Pipeline->{closure:{closure:Illuminate\\Pipeline\\Pipeline::carry():194}:195}(Object(Illuminate\\Http\\Request))
#36 /Users/asm/Documents/Test Antigravity Sep 2026/sistem kenderaan/vendor/laravel/framework/src/Illuminate/Pipeline/Pipeline.php(219): Illuminate\\Http\\Middleware\\ValidatePostSize->handle(Object(Illuminate\\Http\\Request), Object(Closure))
#37 /Users/asm/Documents/Test Antigravity Sep 2026/sistem kenderaan/vendor/laravel/framework/src/Illuminate/Foundation/Http/Middleware/PreventRequestsDuringMaintenance.php(110): Illuminate\\Pipeline\\Pipeline->{closure:{closure:Illuminate\\Pipeline\\Pipeline::carry():194}:195}(Object(Illuminate\\Http\\Request))
#38 /Users/asm/Documents/Test Antigravity Sep 2026/sistem kenderaan/vendor/laravel/framework/src/Illuminate/Pipeline/Pipeline.php(219): Illuminate\\Foundation\\Http\\Middleware\\PreventRequestsDuringMaintenance->handle(Object(Illuminate\\Http\\Request), Object(Closure))
#39 /Users/asm/Documents/Test Antigravity Sep 2026/sistem kenderaan/vendor/laravel/framework/src/Illuminate/Http/Middleware/HandleCors.php(61): Illuminate\\Pipeline\\Pipeline->{closure:{closure:Illuminate\\Pipeline\\Pipeline::carry():194}:195}(Object(Illuminate\\Http\\Request))
#40 /Users/asm/Documents/Test Antigravity Sep 2026/sistem kenderaan/vendor/laravel/framework/src/Illuminate/Pipeline/Pipeline.php(219): Illuminate\\Http\\Middleware\\HandleCors->handle(Object(Illuminate\\Http\\Request), Object(Closure))
#41 /Users/asm/Documents/Test Antigravity Sep 2026/sistem kenderaan/vendor/laravel/framework/src/Illuminate/Http/Middleware/TrustProxies.php(58): Illuminate\\Pipeline\\Pipeline->{closure:{closure:Illuminate\\Pipeline\\Pipeline::carry():194}:195}(Object(Illuminate\\Http\\Request))
#42 /Users/asm/Documents/Test Antigravity Sep 2026/sistem kenderaan/vendor/laravel/framework/src/Illuminate/Pipeline/Pipeline.php(219): Illuminate\\Http\\Middleware\\TrustProxies->handle(Object(Illuminate\\Http\\Request), Object(Closure))
#43 /Users/asm/Documents/Test Antigravity Sep 2026/sistem kenderaan/vendor/laravel/framework/src/Illuminate/Foundation/Http/Middleware/InvokeDeferredCallbacks.php(22): Illuminate\\Pipeline\\Pipeline->{closure:{closure:Illuminate\\Pipeline\\Pipeline::carry():194}:195}(Object(Illuminate\\Http\\Request))
#44 /Users/asm/Documents/Test Antigravity Sep 2026/sistem kenderaan/vendor/laravel/framework/src/Illuminate/Pipeline/Pipeline.php(219): Illuminate\\Foundation\\Http\\Middleware\\InvokeDeferredCallbacks->handle(Object(Illuminate\\Http\\Request), Object(Closure))
#45 /Users/asm/Documents/Test Antigravity Sep 2026/sistem kenderaan/vendor/laravel/framework/src/Illuminate/Http/Middleware/ValidatePathEncoding.php(28): Illuminate\\Pipeline\\Pipeline->{closure:{closure:Illuminate\\Pipeline\\Pipeline::carry():194}:195}(Object(Illuminate\\Http\\Request))
#46 /Users/asm/Documents/Test Antigravity Sep 2026/sistem kenderaan/vendor/laravel/framework/src/Illuminate/Pipeline/Pipeline.php(219): Illuminate\\Http\\Middleware\\ValidatePathEncoding->handle(Object(Illuminate\\Http\\Request), Object(Closure))
#47 /Users/asm/Documents/Test Antigravity Sep 2026/sistem kenderaan/vendor/laravel/framework/src/Illuminate/Pipeline/Pipeline.php(137): Illuminate\\Pipeline\\Pipeline->{closure:{closure:Illuminate\\Pipeline\\Pipeline::carry():194}:195}(Object(Illuminate\\Http\\Request))
#48 /Users/asm/Documents/Test Antigravity Sep 2026/sistem kenderaan/vendor/laravel/framework/src/Illuminate/Foundation/Http/Kernel.php(175): Illuminate\\Pipeline\\Pipeline->then(Object(Closure))
#49 /Users/asm/Documents/Test Antigravity Sep 2026/sistem kenderaan/vendor/laravel/framework/src/Illuminate/Foundation/Http/Kernel.php(144): Illuminate\\Foundation\\Http\\Kernel->sendRequestThroughRouter(Object(Illuminate\\Http\\Request))
#50 /Users/asm/Documents/Test Antigravity Sep 2026/sistem kenderaan/vendor/laravel/framework/src/Illuminate/Foundation/Testing/Concerns/MakesHttpRequests.php(638): Illuminate\\Foundation\\Http\\Kernel->handle(Object(Illuminate\\Http\\Request))
#51 /Users/asm/Documents/Test Antigravity Sep 2026/sistem kenderaan/vendor/laravel/framework/src/Illuminate/Foundation/Testing/Concerns/MakesHttpRequests.php(397): Illuminate\\Foundation\\Testing\\TestCase->call('POST', 'http://localhos...', Array, Array, Array, Array)
#52 /Users/asm/Documents/Test Antigravity Sep 2026/sistem kenderaan/tests/Feature/VehicleManagementSystemTest.php(155): Illuminate\\Foundation\\Testing\\TestCase->post('http://localhos...', Array)
#53 /Users/asm/Documents/Test Antigravity Sep 2026/sistem kenderaan/vendor/phpunit/phpunit/src/Framework/TestCase.php(1318): Tests\\Feature\\VehicleManagementSystemTest->test_scenario_02_short_notice_warning_and_validation()
#54 /Users/asm/Documents/Test Antigravity Sep 2026/sistem kenderaan/vendor/phpunit/phpunit/src/Framework/TestCase.php(1355): PHPUnit\\Framework\\TestCase->invokeTestMethod('test_scenario_0...', Array)
#55 /Users/asm/Documents/Test Antigravity Sep 2026/sistem kenderaan/vendor/phpunit/phpunit/src/Framework/TestCase.php(521): PHPUnit\\Framework\\TestCase->runTest()
#56 /Users/asm/Documents/Test Antigravity Sep 2026/sistem kenderaan/vendor/phpunit/phpunit/src/Framework/TestRunner/TestRunner.php(99): PHPUnit\\Framework\\TestCase->runBare()
#57 /Users/asm/Documents/Test Antigravity Sep 2026/sistem kenderaan/vendor/phpunit/phpunit/src/Framework/TestCase.php(361): PHPUnit\\Framework\\TestRunner->run(Object(Tests\\Feature\\VehicleManagementSystemTest))
#58 /Users/asm/Documents/Test Antigravity Sep 2026/sistem kenderaan/vendor/phpunit/phpunit/src/Framework/TestSuite.php(374): PHPUnit\\Framework\\TestCase->run()
#59 /Users/asm/Documents/Test Antigravity Sep 2026/sistem kenderaan/vendor/phpunit/phpunit/src/Framework/TestSuite.php(374): PHPUnit\\Framework\\TestSuite->run()
#60 /Users/asm/Documents/Test Antigravity Sep 2026/sistem kenderaan/vendor/phpunit/phpunit/src/Framework/TestSuite.php(374): PHPUnit\\Framework\\TestSuite->run()
#61 /Users/asm/Documents/Test Antigravity Sep 2026/sistem kenderaan/vendor/phpunit/phpunit/src/TextUI/TestRunner.php(64): PHPUnit\\Framework\\TestSuite->run()
#62 /Users/asm/Documents/Test Antigravity Sep 2026/sistem kenderaan/vendor/phpunit/phpunit/src/TextUI/Application.php(229): PHPUnit\\TextUI\\TestRunner->run(Object(PHPUnit\\TextUI\\Configuration\\Configuration), Object(PHPUnit\\Runner\\ResultCache\\DefaultResultCache), Object(PHPUnit\\Framework\\TestSuite))
#63 /Users/asm/Documents/Test Antigravity Sep 2026/sistem kenderaan/vendor/phpunit/phpunit/phpunit(104): PHPUnit\\TextUI\\Application->run(Array)
#64 {main}
"} 
[2026-10-01 07:10:00] testing.ERROR: Undefined array key "applicant_department" {"userId":3,"exception":"[object] (ErrorException(code: 0): Undefined array key \"applicant_department\" at /Users/asm/Documents/Test Antigravity Sep 2026/sistem kenderaan/app/Http/Controllers/VehicleRequestController.php:165)
[stacktrace]
#0 /Users/asm/Documents/Test Antigravity Sep 2026/sistem kenderaan/vendor/laravel/framework/src/Illuminate/Foundation/Bootstrap/HandleExceptions.php(265): Illuminate\\Foundation\\Bootstrap\\HandleExceptions->handleError(2, 'Undefined array...', '/Users/asm/Docu...', 165)
#1 /Users/asm/Documents/Test Antigravity Sep 2026/sistem kenderaan/app/Http/Controllers/VehicleRequestController.php(165): Illuminate\\Foundation\\Bootstrap\\HandleExceptions->{closure:Illuminate\\Foundation\\Bootstrap\\HandleExceptions::forwardsTo():264}(2, 'Undefined array...', '/Users/asm/Docu...', 165)
#2 /Users/asm/Documents/Test Antigravity Sep 2026/sistem kenderaan/vendor/laravel/framework/src/Illuminate/Routing/ControllerDispatcher.php(46): App\\Http\\Controllers\\VehicleRequestController->store(Object(Illuminate\\Http\\Request))
#3 /Users/asm/Documents/Test Antigravity Sep 2026/sistem kenderaan/vendor/laravel/framework/src/Illuminate/Routing/Route.php(276): Illuminate\\Routing\\ControllerDispatcher->dispatch(Object(Illuminate\\Routing\\Route), Object(App\\Http\\Controllers\\VehicleRequestController), 'store')
#4 /Users/asm/Documents/Test Antigravity Sep 2026/sistem kenderaan/vendor/laravel/framework/src/Illuminate/Routing/Route.php(216): Illuminate\\Routing\\Route->runController()
#5 /Users/asm/Documents/Test Antigravity Sep 2026/sistem kenderaan/vendor/laravel/framework/src/Illuminate/Routing/Router.php(822): Illuminate\\Routing\\Route->run()
#6 /Users/asm/Documents/Test Antigravity Sep 2026/sistem kenderaan/vendor/laravel/framework/src/Illuminate/Pipeline/Pipeline.php(180): Illuminate\\Routing\\Router->{closure:Illuminate\\Routing\\Router::runRouteWithinStack():821}(Object(Illuminate\\Http\\Request))
#7 /Users/asm/Documents/Test Antigravity Sep 2026/sistem kenderaan/vendor/laravel/framework/src/Illuminate/Routing/Middleware/SubstituteBindings.php(52): Illuminate\\Pipeline\\Pipeline->{closure:Illuminate\\Pipeline\\Pipeline::prepareDestination():178}(Object(Illuminate\\Http\\Request))
#8 /Users/asm/Documents/Test Antigravity Sep 2026/sistem kenderaan/vendor/laravel/framework/src/Illuminate/Pipeline/Pipeline.php(219): Illuminate\\Routing\\Middleware\\SubstituteBindings->handle(Object(Illuminate\\Http\\Request), Object(Closure))
#9 /Users/asm/Documents/Test Antigravity Sep 2026/sistem kenderaan/vendor/laravel/framework/src/Illuminate/Auth/Middleware/Authenticate.php(63): Illuminate\\Pipeline\\Pipeline->{closure:{closure:Illuminate\\Pipeline\\Pipeline::carry():194}:195}(Object(Illuminate\\Http\\Request))
#10 /Users/asm/Documents/Test Antigravity Sep 2026/sistem kenderaan/vendor/laravel/framework/src/Illuminate/Pipeline/Pipeline.php(219): Illuminate\\Auth\\Middleware\\Authenticate->handle(Object(Illuminate\\Http\\Request), Object(Closure))
#11 /Users/asm/Documents/Test Antigravity Sep 2026/sistem kenderaan/vendor/laravel/framework/src/Illuminate/Foundation/Http/Middleware/PreventRequestForgery.php(104): Illuminate\\Pipeline\\Pipeline->{closure:{closure:Illuminate\\Pipeline\\Pipeline::carry():194}:195}(Object(Illuminate\\Http\\Request))
#12 /Users/asm/Documents/Test Antigravity Sep 2026/sistem kenderaan/vendor/laravel/framework/src/Illuminate/Pipeline/Pipeline.php(219): Illuminate\\Foundation\\Http\\Middleware\\PreventRequestForgery->handle(Object(Illuminate\\Http\\Request), Object(Closure))
#13 /Users/asm/Documents/Test Antigravity Sep 2026/sistem kenderaan/vendor/laravel/framework/src/Illuminate/View/Middleware/ShareErrorsFromSession.php(48): Illuminate\\Pipeline\\Pipeline->{closure:{closure:Illuminate\\Pipeline\\Pipeline::carry():194}:195}(Object(Illuminate\\Http\\Request))
#14 /Users/asm/Documents/Test Antigravity Sep 2026/sistem kenderaan/vendor/laravel/framework/src/Illuminate/Pipeline/Pipeline.php(219): Illuminate\\View\\Middleware\\ShareErrorsFromSession->handle(Object(Illuminate\\Http\\Request), Object(Closure))
#15 /Users/asm/Documents/Test Antigravity Sep 2026/sistem kenderaan/vendor/laravel/framework/src/Illuminate/Session/Middleware/StartSession.php(120): Illuminate\\Pipeline\\Pipeline->{closure:{closure:Illuminate\\Pipeline\\Pipeline::carry():194}:195}(Object(Illuminate\\Http\\Request))
#16 /Users/asm/Documents/Test Antigravity Sep 2026/sistem kenderaan/vendor/laravel/framework/src/Illuminate/Session/Middleware/StartSession.php(63): Illuminate\\Session\\Middleware\\StartSession->handleStatefulRequest(Object(Illuminate\\Http\\Request), Object(Illuminate\\Session\\Store), Object(Closure))
#17 /Users/asm/Documents/Test Antigravity Sep 2026/sistem kenderaan/vendor/laravel/framework/src/Illuminate/Pipeline/Pipeline.php(219): Illuminate\\Session\\Middleware\\StartSession->handle(Object(Illuminate\\Http\\Request), Object(Closure))
#18 /Users/asm/Documents/Test Antigravity Sep 2026/sistem kenderaan/vendor/laravel/framework/src/Illuminate/Cookie/Middleware/AddQueuedCookiesToResponse.php(36): Illuminate\\Pipeline\\Pipeline->{closure:{closure:Illuminate\\Pipeline\\Pipeline::carry():194}:195}(Object(Illuminate\\Http\\Request))
#19 /Users/asm/Documents/Test Antigravity Sep 2026/sistem kenderaan/vendor/laravel/framework/src/Illuminate/Pipeline/Pipeline.php(219): Illuminate\\Cookie\\Middleware\\AddQueuedCookiesToResponse->handle(Object(Illuminate\\Http\\Request), Object(Closure))
#20 /Users/asm/Documents/Test Antigravity Sep 2026/sistem kenderaan/vendor/laravel/framework/src/Illuminate/Cookie/Middleware/EncryptCookies.php(74): Illuminate\\Pipeline\\Pipeline->{closure:{closure:Illuminate\\Pipeline\\Pipeline::carry():194}:195}(Object(Illuminate\\Http\\Request))
#21 /Users/asm/Documents/Test Antigravity Sep 2026/sistem kenderaan/vendor/laravel/framework/src/Illuminate/Pipeline/Pipeline.php(219): Illuminate\\Cookie\\Middleware\\EncryptCookies->handle(Object(Illuminate\\Http\\Request), Object(Closure))
#22 /Users/asm/Documents/Test Antigravity Sep 2026/sistem kenderaan/vendor/laravel/framework/src/Illuminate/Pipeline/Pipeline.php(137): Illuminate\\Pipeline\\Pipeline->{closure:{closure:Illuminate\\Pipeline\\Pipeline::carry():194}:195}(Object(Illuminate\\Http\\Request))
#23 /Users/asm/Documents/Test Antigravity Sep 2026/sistem kenderaan/vendor/laravel/framework/src/Illuminate/Routing/Router.php(821): Illuminate\\Pipeline\\Pipeline->then(Object(Closure))
#24 /Users/asm/Documents/Test Antigravity Sep 2026/sistem kenderaan/vendor/laravel/framework/src/Illuminate/Routing/Router.php(800): Illuminate\\Routing\\Router->runRouteWithinStack(Object(Illuminate\\Routing\\Route), Object(Illuminate\\Http\\Request))
#25 /Users/asm/Documents/Test Antigravity Sep 2026/sistem kenderaan/vendor/laravel/framework/src/Illuminate/Routing/Router.php(764): Illuminate\\Routing\\Router->runRoute(Object(Illuminate\\Http\\Request), Object(Illuminate\\Routing\\Route))
#26 /Users/asm/Documents/Test Antigravity Sep 2026/sistem kenderaan/vendor/laravel/framework/src/Illuminate/Routing/Router.php(753): Illuminate\\Routing\\Router->dispatchToRoute(Object(Illuminate\\Http\\Request))
#27 /Users/asm/Documents/Test Antigravity Sep 2026/sistem kenderaan/vendor/laravel/framework/src/Illuminate/Foundation/Http/Kernel.php(200): Illuminate\\Routing\\Router->dispatch(Object(Illuminate\\Http\\Request))
#28 /Users/asm/Documents/Test Antigravity Sep 2026/sistem kenderaan/vendor/laravel/framework/src/Illuminate/Pipeline/Pipeline.php(180): Illuminate\\Foundation\\Http\\Kernel->{closure:Illuminate\\Foundation\\Http\\Kernel::dispatchToRouter():197}(Object(Illuminate\\Http\\Request))
#29 /Users/asm/Documents/Test Antigravity Sep 2026/sistem kenderaan/vendor/laravel/framework/src/Illuminate/Foundation/Http/Middleware/TransformsRequest.php(21): Illuminate\\Pipeline\\Pipeline->{closure:Illuminate\\Pipeline\\Pipeline::prepareDestination():178}(Object(Illuminate\\Http\\Request))
#30 /Users/asm/Documents/Test Antigravity Sep 2026/sistem kenderaan/vendor/laravel/framework/src/Illuminate/Foundation/Http/Middleware/ConvertEmptyStringsToNull.php(31): Illuminate\\Foundation\\Http\\Middleware\\TransformsRequest->handle(Object(Illuminate\\Http\\Request), Object(Closure))
#31 /Users/asm/Documents/Test Antigravity Sep 2026/sistem kenderaan/vendor/laravel/framework/src/Illuminate/Pipeline/Pipeline.php(219): Illuminate\\Foundation\\Http\\Middleware\\ConvertEmptyStringsToNull->handle(Object(Illuminate\\Http\\Request), Object(Closure))
#32 /Users/asm/Documents/Test Antigravity Sep 2026/sistem kenderaan/vendor/laravel/framework/src/Illuminate/Foundation/Http/Middleware/TransformsRequest.php(21): Illuminate\\Pipeline\\Pipeline->{closure:{closure:Illuminate\\Pipeline\\Pipeline::carry():194}:195}(Object(Illuminate\\Http\\Request))
#33 /Users/asm/Documents/Test Antigravity Sep 2026/sistem kenderaan/vendor/laravel/framework/src/Illuminate/Foundation/Http/Middleware/TrimStrings.php(51): Illuminate\\Foundation\\Http\\Middleware\\TransformsRequest->handle(Object(Illuminate\\Http\\Request), Object(Closure))
#34 /Users/asm/Documents/Test Antigravity Sep 2026/sistem kenderaan/vendor/laravel/framework/src/Illuminate/Pipeline/Pipeline.php(219): Illuminate\\Foundation\\Http\\Middleware\\TrimStrings->handle(Object(Illuminate\\Http\\Request), Object(Closure))
#35 /Users/asm/Documents/Test Antigravity Sep 2026/sistem kenderaan/vendor/laravel/framework/src/Illuminate/Http/Middleware/ValidatePostSize.php(27): Illuminate\\Pipeline\\Pipeline->{closure:{closure:Illuminate\\Pipeline\\Pipeline::carry():194}:195}(Object(Illuminate\\Http\\Request))
#36 /Users/asm/Documents/Test Antigravity Sep 2026/sistem kenderaan/vendor/laravel/framework/src/Illuminate/Pipeline/Pipeline.php(219): Illuminate\\Http\\Middleware\\ValidatePostSize->handle(Object(Illuminate\\Http\\Request), Object(Closure))
#37 /Users/asm/Documents/Test Antigravity Sep 2026/sistem kenderaan/vendor/laravel/framework/src/Illuminate/Foundation/Http/Middleware/PreventRequestsDuringMaintenance.php(110): Illuminate\\Pipeline\\Pipeline->{closure:{closure:Illuminate\\Pipeline\\Pipeline::carry():194}:195}(Object(Illuminate\\Http\\Request))
#38 /Users/asm/Documents/Test Antigravity Sep 2026/sistem kenderaan/vendor/laravel/framework/src/Illuminate/Pipeline/Pipeline.php(219): Illuminate\\Foundation\\Http\\Middleware\\PreventRequestsDuringMaintenance->handle(Object(Illuminate\\Http\\Request), Object(Closure))
#39 /Users/asm/Documents/Test Antigravity Sep 2026/sistem kenderaan/vendor/laravel/framework/src/Illuminate/Http/Middleware/HandleCors.php(61): Illuminate\\Pipeline\\Pipeline->{closure:{closure:Illuminate\\Pipeline\\Pipeline::carry():194}:195}(Object(Illuminate\\Http\\Request))
#40 /Users/asm/Documents/Test Antigravity Sep 2026/sistem kenderaan/vendor/laravel/framework/src/Illuminate/Pipeline/Pipeline.php(219): Illuminate\\Http\\Middleware\\HandleCors->handle(Object(Illuminate\\Http\\Request), Object(Closure))
#41 /Users/asm/Documents/Test Antigravity Sep 2026/sistem kenderaan/vendor/laravel/framework/src/Illuminate/Http/Middleware/TrustProxies.php(58): Illuminate\\Pipeline\\Pipeline->{closure:{closure:Illuminate\\Pipeline\\Pipeline::carry():194}:195}(Object(Illuminate\\Http\\Request))
#42 /Users/asm/Documents/Test Antigravity Sep 2026/sistem kenderaan/vendor/laravel/framework/src/Illuminate/Pipeline/Pipeline.php(219): Illuminate\\Http\\Middleware\\TrustProxies->handle(Object(Illuminate\\Http\\Request), Object(Closure))
#43 /Users/asm/Documents/Test Antigravity Sep 2026/sistem kenderaan/vendor/laravel/framework/src/Illuminate/Foundation/Http/Middleware/InvokeDeferredCallbacks.php(22): Illuminate\\Pipeline\\Pipeline->{closure:{closure:Illuminate\\Pipeline\\Pipeline::carry():194}:195}(Object(Illuminate\\Http\\Request))
#44 /Users/asm/Documents/Test Antigravity Sep 2026/sistem kenderaan/vendor/laravel/framework/src/Illuminate/Pipeline/Pipeline.php(219): Illuminate\\Foundation\\Http\\Middleware\\InvokeDeferredCallbacks->handle(Object(Illuminate\\Http\\Request), Object(Closure))
#45 /Users/asm/Documents/Test Antigravity Sep 2026/sistem kenderaan/vendor/laravel/framework/src/Illuminate/Http/Middleware/ValidatePathEncoding.php(28): Illuminate\\Pipeline\\Pipeline->{closure:{closure:Illuminate\\Pipeline\\Pipeline::carry():194}:195}(Object(Illuminate\\Http\\Request))
#46 /Users/asm/Documents/Test Antigravity Sep 2026/sistem kenderaan/vendor/laravel/framework/src/Illuminate/Pipeline/Pipeline.php(219): Illuminate\\Http\\Middleware\\ValidatePathEncoding->handle(Object(Illuminate\\Http\\Request), Object(Closure))
#47 /Users/asm/Documents/Test Antigravity Sep 2026/sistem kenderaan/vendor/laravel/framework/src/Illuminate/Pipeline/Pipeline.php(137): Illuminate\\Pipeline\\Pipeline->{closure:{closure:Illuminate\\Pipeline\\Pipeline::carry():194}:195}(Object(Illuminate\\Http\\Request))
#48 /Users/asm/Documents/Test Antigravity Sep 2026/sistem kenderaan/vendor/laravel/framework/src/Illuminate/Foundation/Http/Kernel.php(175): Illuminate\\Pipeline\\Pipeline->then(Object(Closure))
#49 /Users/asm/Documents/Test Antigravity Sep 2026/sistem kenderaan/vendor/laravel/framework/src/Illuminate/Foundation/Http/Kernel.php(144): Illuminate\\Foundation\\Http\\Kernel->sendRequestThroughRouter(Object(Illuminate\\Http\\Request))
#50 /Users/asm/Documents/Test Antigravity Sep 2026/sistem kenderaan/vendor/laravel/framework/src/Illuminate/Foundation/Testing/Concerns/MakesHttpRequests.php(638): Illuminate\\Foundation\\Http\\Kernel->handle(Object(Illuminate\\Http\\Request))
#51 /Users/asm/Documents/Test Antigravity Sep 2026/sistem kenderaan/vendor/laravel/framework/src/Illuminate/Foundation/Testing/Concerns/MakesHttpRequests.php(397): Illuminate\\Foundation\\Testing\\TestCase->call('POST', 'http://localhos...', Array, Array, Array, Array)
#52 /Users/asm/Documents/Test Antigravity Sep 2026/sistem kenderaan/tests/Feature/VehicleManagementSystemTest.php(119): Illuminate\\Foundation\\Testing\\TestCase->post('http://localhos...', Array)
#53 /Users/asm/Documents/Test Antigravity Sep 2026/sistem kenderaan/vendor/phpunit/phpunit/src/Framework/TestCase.php(1318): Tests\\Feature\\VehicleManagementSystemTest->test_scenario_01_applicant_submits_vehicle_request()
#54 /Users/asm/Documents/Test Antigravity Sep 2026/sistem kenderaan/vendor/phpunit/phpunit/src/Framework/TestCase.php(1355): PHPUnit\\Framework\\TestCase->invokeTestMethod('test_scenario_0...', Array)
#55 /Users/asm/Documents/Test Antigravity Sep 2026/sistem kenderaan/vendor/phpunit/phpunit/src/Framework/TestCase.php(521): PHPUnit\\Framework\\TestCase->runTest()
#56 /Users/asm/Documents/Test Antigravity Sep 2026/sistem kenderaan/vendor/phpunit/phpunit/src/Framework/TestRunner/TestRunner.php(99): PHPUnit\\Framework\\TestCase->runBare()
#57 /Users/asm/Documents/Test Antigravity Sep 2026/sistem kenderaan/vendor/phpunit/phpunit/src/Framework/TestCase.php(361): PHPUnit\\Framework\\TestRunner->run(Object(Tests\\Feature\\VehicleManagementSystemTest))
#58 /Users/asm/Documents/Test Antigravity Sep 2026/sistem kenderaan/vendor/phpunit/phpunit/src/Framework/TestSuite.php(374): PHPUnit\\Framework\\TestCase->run()
#59 /Users/asm/Documents/Test Antigravity Sep 2026/sistem kenderaan/vendor/phpunit/phpunit/src/Framework/TestSuite.php(374): PHPUnit\\Framework\\TestSuite->run()
#60 /Users/asm/Documents/Test Antigravity Sep 2026/sistem kenderaan/vendor/phpunit/phpunit/src/Framework/TestSuite.php(374): PHPUnit\\Framework\\TestSuite->run()
#61 /Users/asm/Documents/Test Antigravity Sep 2026/sistem kenderaan/vendor/phpunit/phpunit/src/TextUI/TestRunner.php(64): PHPUnit\\Framework\\TestSuite->run()
#62 /Users/asm/Documents/Test Antigravity Sep 2026/sistem kenderaan/vendor/phpunit/phpunit/src/TextUI/Application.php(229): PHPUnit\\TextUI\\TestRunner->run(Object(PHPUnit\\TextUI\\Configuration\\Configuration), Object(PHPUnit\\Runner\\ResultCache\\DefaultResultCache), Object(PHPUnit\\Framework\\TestSuite))
#63 /Users/asm/Documents/Test Antigravity Sep 2026/sistem kenderaan/vendor/phpunit/phpunit/phpunit(104): PHPUnit\\TextUI\\Application->run(Array)
#64 {main}
"} 
[2026-10-01 07:10:00] testing.ERROR: Undefined array key "applicant_department" {"userId":3,"exception":"[object] (ErrorException(code: 0): Undefined array key \"applicant_department\" at /Users/asm/Documents/Test Antigravity Sep 2026/sistem kenderaan/app/Http/Controllers/VehicleRequestController.php:165)
[stacktrace]
#0 /Users/asm/Documents/Test Antigravity Sep 2026/sistem kenderaan/vendor/laravel/framework/src/Illuminate/Foundation/Bootstrap/HandleExceptions.php(265): Illuminate\\Foundation\\Bootstrap\\HandleExceptions->handleError(2, 'Undefined array...', '/Users/asm/Docu...', 165)
#1 /Users/asm/Documents/Test Antigravity Sep 2026/sistem kenderaan/app/Http/Controllers/VehicleRequestController.php(165): Illuminate\\Foundation\\Bootstrap\\HandleExceptions->{closure:Illuminate\\Foundation\\Bootstrap\\HandleExceptions::forwardsTo():264}(2, 'Undefined array...', '/Users/asm/Docu...', 165)
#2 /Users/asm/Documents/Test Antigravity Sep 2026/sistem kenderaan/vendor/laravel/framework/src/Illuminate/Routing/ControllerDispatcher.php(46): App\\Http\\Controllers\\VehicleRequestController->store(Object(Illuminate\\Http\\Request))
#3 /Users/asm/Documents/Test Antigravity Sep 2026/sistem kenderaan/vendor/laravel/framework/src/Illuminate/Routing/Route.php(276): Illuminate\\Routing\\ControllerDispatcher->dispatch(Object(Illuminate\\Routing\\Route), Object(App\\Http\\Controllers\\VehicleRequestController), 'store')
#4 /Users/asm/Documents/Test Antigravity Sep 2026/sistem kenderaan/vendor/laravel/framework/src/Illuminate/Routing/Route.php(216): Illuminate\\Routing\\Route->runController()
#5 /Users/asm/Documents/Test Antigravity Sep 2026/sistem kenderaan/vendor/laravel/framework/src/Illuminate/Routing/Router.php(822): Illuminate\\Routing\\Route->run()
#6 /Users/asm/Documents/Test Antigravity Sep 2026/sistem kenderaan/vendor/laravel/framework/src/Illuminate/Pipeline/Pipeline.php(180): Illuminate\\Routing\\Router->{closure:Illuminate\\Routing\\Router::runRouteWithinStack():821}(Object(Illuminate\\Http\\Request))
#7 /Users/asm/Documents/Test Antigravity Sep 2026/sistem kenderaan/vendor/laravel/framework/src/Illuminate/Routing/Middleware/SubstituteBindings.php(52): Illuminate\\Pipeline\\Pipeline->{closure:Illuminate\\Pipeline\\Pipeline::prepareDestination():178}(Object(Illuminate\\Http\\Request))
#8 /Users/asm/Documents/Test Antigravity Sep 2026/sistem kenderaan/vendor/laravel/framework/src/Illuminate/Pipeline/Pipeline.php(219): Illuminate\\Routing\\Middleware\\SubstituteBindings->handle(Object(Illuminate\\Http\\Request), Object(Closure))
#9 /Users/asm/Documents/Test Antigravity Sep 2026/sistem kenderaan/vendor/laravel/framework/src/Illuminate/Auth/Middleware/Authenticate.php(63): Illuminate\\Pipeline\\Pipeline->{closure:{closure:Illuminate\\Pipeline\\Pipeline::carry():194}:195}(Object(Illuminate\\Http\\Request))
#10 /Users/asm/Documents/Test Antigravity Sep 2026/sistem kenderaan/vendor/laravel/framework/src/Illuminate/Pipeline/Pipeline.php(219): Illuminate\\Auth\\Middleware\\Authenticate->handle(Object(Illuminate\\Http\\Request), Object(Closure))
#11 /Users/asm/Documents/Test Antigravity Sep 2026/sistem kenderaan/vendor/laravel/framework/src/Illuminate/Foundation/Http/Middleware/PreventRequestForgery.php(104): Illuminate\\Pipeline\\Pipeline->{closure:{closure:Illuminate\\Pipeline\\Pipeline::carry():194}:195}(Object(Illuminate\\Http\\Request))
#12 /Users/asm/Documents/Test Antigravity Sep 2026/sistem kenderaan/vendor/laravel/framework/src/Illuminate/Pipeline/Pipeline.php(219): Illuminate\\Foundation\\Http\\Middleware\\PreventRequestForgery->handle(Object(Illuminate\\Http\\Request), Object(Closure))
#13 /Users/asm/Documents/Test Antigravity Sep 2026/sistem kenderaan/vendor/laravel/framework/src/Illuminate/View/Middleware/ShareErrorsFromSession.php(48): Illuminate\\Pipeline\\Pipeline->{closure:{closure:Illuminate\\Pipeline\\Pipeline::carry():194}:195}(Object(Illuminate\\Http\\Request))
#14 /Users/asm/Documents/Test Antigravity Sep 2026/sistem kenderaan/vendor/laravel/framework/src/Illuminate/Pipeline/Pipeline.php(219): Illuminate\\View\\Middleware\\ShareErrorsFromSession->handle(Object(Illuminate\\Http\\Request), Object(Closure))
#15 /Users/asm/Documents/Test Antigravity Sep 2026/sistem kenderaan/vendor/laravel/framework/src/Illuminate/Session/Middleware/StartSession.php(120): Illuminate\\Pipeline\\Pipeline->{closure:{closure:Illuminate\\Pipeline\\Pipeline::carry():194}:195}(Object(Illuminate\\Http\\Request))
#16 /Users/asm/Documents/Test Antigravity Sep 2026/sistem kenderaan/vendor/laravel/framework/src/Illuminate/Session/Middleware/StartSession.php(63): Illuminate\\Session\\Middleware\\StartSession->handleStatefulRequest(Object(Illuminate\\Http\\Request), Object(Illuminate\\Session\\Store), Object(Closure))
#17 /Users/asm/Documents/Test Antigravity Sep 2026/sistem kenderaan/vendor/laravel/framework/src/Illuminate/Pipeline/Pipeline.php(219): Illuminate\\Session\\Middleware\\StartSession->handle(Object(Illuminate\\Http\\Request), Object(Closure))
#18 /Users/asm/Documents/Test Antigravity Sep 2026/sistem kenderaan/vendor/laravel/framework/src/Illuminate/Cookie/Middleware/AddQueuedCookiesToResponse.php(36): Illuminate\\Pipeline\\Pipeline->{closure:{closure:Illuminate\\Pipeline\\Pipeline::carry():194}:195}(Object(Illuminate\\Http\\Request))
#19 /Users/asm/Documents/Test Antigravity Sep 2026/sistem kenderaan/vendor/laravel/framework/src/Illuminate/Pipeline/Pipeline.php(219): Illuminate\\Cookie\\Middleware\\AddQueuedCookiesToResponse->handle(Object(Illuminate\\Http\\Request), Object(Closure))
#20 /Users/asm/Documents/Test Antigravity Sep 2026/sistem kenderaan/vendor/laravel/framework/src/Illuminate/Cookie/Middleware/EncryptCookies.php(74): Illuminate\\Pipeline\\Pipeline->{closure:{closure:Illuminate\\Pipeline\\Pipeline::carry():194}:195}(Object(Illuminate\\Http\\Request))
#21 /Users/asm/Documents/Test Antigravity Sep 2026/sistem kenderaan/vendor/laravel/framework/src/Illuminate/Pipeline/Pipeline.php(219): Illuminate\\Cookie\\Middleware\\EncryptCookies->handle(Object(Illuminate\\Http\\Request), Object(Closure))
#22 /Users/asm/Documents/Test Antigravity Sep 2026/sistem kenderaan/vendor/laravel/framework/src/Illuminate/Pipeline/Pipeline.php(137): Illuminate\\Pipeline\\Pipeline->{closure:{closure:Illuminate\\Pipeline\\Pipeline::carry():194}:195}(Object(Illuminate\\Http\\Request))
#23 /Users/asm/Documents/Test Antigravity Sep 2026/sistem kenderaan/vendor/laravel/framework/src/Illuminate/Routing/Router.php(821): Illuminate\\Pipeline\\Pipeline->then(Object(Closure))
#24 /Users/asm/Documents/Test Antigravity Sep 2026/sistem kenderaan/vendor/laravel/framework/src/Illuminate/Routing/Router.php(800): Illuminate\\Routing\\Router->runRouteWithinStack(Object(Illuminate\\Routing\\Route), Object(Illuminate\\Http\\Request))
#25 /Users/asm/Documents/Test Antigravity Sep 2026/sistem kenderaan/vendor/laravel/framework/src/Illuminate/Routing/Router.php(764): Illuminate\\Routing\\Router->runRoute(Object(Illuminate\\Http\\Request), Object(Illuminate\\Routing\\Route))
#26 /Users/asm/Documents/Test Antigravity Sep 2026/sistem kenderaan/vendor/laravel/framework/src/Illuminate/Routing/Router.php(753): Illuminate\\Routing\\Router->dispatchToRoute(Object(Illuminate\\Http\\Request))
#27 /Users/asm/Documents/Test Antigravity Sep 2026/sistem kenderaan/vendor/laravel/framework/src/Illuminate/Foundation/Http/Kernel.php(200): Illuminate\\Routing\\Router->dispatch(Object(Illuminate\\Http\\Request))
#28 /Users/asm/Documents/Test Antigravity Sep 2026/sistem kenderaan/vendor/laravel/framework/src/Illuminate/Pipeline/Pipeline.php(180): Illuminate\\Foundation\\Http\\Kernel->{closure:Illuminate\\Foundation\\Http\\Kernel::dispatchToRouter():197}(Object(Illuminate\\Http\\Request))
#29 /Users/asm/Documents/Test Antigravity Sep 2026/sistem kenderaan/vendor/laravel/framework/src/Illuminate/Foundation/Http/Middleware/TransformsRequest.php(21): Illuminate\\Pipeline\\Pipeline->{closure:Illuminate\\Pipeline\\Pipeline::prepareDestination():178}(Object(Illuminate\\Http\\Request))
#30 /Users/asm/Documents/Test Antigravity Sep 2026/sistem kenderaan/vendor/laravel/framework/src/Illuminate/Foundation/Http/Middleware/ConvertEmptyStringsToNull.php(31): Illuminate\\Foundation\\Http\\Middleware\\TransformsRequest->handle(Object(Illuminate\\Http\\Request), Object(Closure))
#31 /Users/asm/Documents/Test Antigravity Sep 2026/sistem kenderaan/vendor/laravel/framework/src/Illuminate/Pipeline/Pipeline.php(219): Illuminate\\Foundation\\Http\\Middleware\\ConvertEmptyStringsToNull->handle(Object(Illuminate\\Http\\Request), Object(Closure))
#32 /Users/asm/Documents/Test Antigravity Sep 2026/sistem kenderaan/vendor/laravel/framework/src/Illuminate/Foundation/Http/Middleware/TransformsRequest.php(21): Illuminate\\Pipeline\\Pipeline->{closure:{closure:Illuminate\\Pipeline\\Pipeline::carry():194}:195}(Object(Illuminate\\Http\\Request))
#33 /Users/asm/Documents/Test Antigravity Sep 2026/sistem kenderaan/vendor/laravel/framework/src/Illuminate/Foundation/Http/Middleware/TrimStrings.php(51): Illuminate\\Foundation\\Http\\Middleware\\TransformsRequest->handle(Object(Illuminate\\Http\\Request), Object(Closure))
#34 /Users/asm/Documents/Test Antigravity Sep 2026/sistem kenderaan/vendor/laravel/framework/src/Illuminate/Pipeline/Pipeline.php(219): Illuminate\\Foundation\\Http\\Middleware\\TrimStrings->handle(Object(Illuminate\\Http\\Request), Object(Closure))
#35 /Users/asm/Documents/Test Antigravity Sep 2026/sistem kenderaan/vendor/laravel/framework/src/Illuminate/Http/Middleware/ValidatePostSize.php(27): Illuminate\\Pipeline\\Pipeline->{closure:{closure:Illuminate\\Pipeline\\Pipeline::carry():194}:195}(Object(Illuminate\\Http\\Request))
#36 /Users/asm/Documents/Test Antigravity Sep 2026/sistem kenderaan/vendor/laravel/framework/src/Illuminate/Pipeline/Pipeline.php(219): Illuminate\\Http\\Middleware\\ValidatePostSize->handle(Object(Illuminate\\Http\\Request), Object(Closure))
#37 /Users/asm/Documents/Test Antigravity Sep 2026/sistem kenderaan/vendor/laravel/framework/src/Illuminate/Foundation/Http/Middleware/PreventRequestsDuringMaintenance.php(110): Illuminate\\Pipeline\\Pipeline->{closure:{closure:Illuminate\\Pipeline\\Pipeline::carry():194}:195}(Object(Illuminate\\Http\\Request))
#38 /Users/asm/Documents/Test Antigravity Sep 2026/sistem kenderaan/vendor/laravel/framework/src/Illuminate/Pipeline/Pipeline.php(219): Illuminate\\Foundation\\Http\\Middleware\\PreventRequestsDuringMaintenance->handle(Object(Illuminate\\Http\\Request), Object(Closure))
#39 /Users/asm/Documents/Test Antigravity Sep 2026/sistem kenderaan/vendor/laravel/framework/src/Illuminate/Http/Middleware/HandleCors.php(61): Illuminate\\Pipeline\\Pipeline->{closure:{closure:Illuminate\\Pipeline\\Pipeline::carry():194}:195}(Object(Illuminate\\Http\\Request))
#40 /Users/asm/Documents/Test Antigravity Sep 2026/sistem kenderaan/vendor/laravel/framework/src/Illuminate/Pipeline/Pipeline.php(219): Illuminate\\Http\\Middleware\\HandleCors->handle(Object(Illuminate\\Http\\Request), Object(Closure))
#41 /Users/asm/Documents/Test Antigravity Sep 2026/sistem kenderaan/vendor/laravel/framework/src/Illuminate/Http/Middleware/TrustProxies.php(58): Illuminate\\Pipeline\\Pipeline->{closure:{closure:Illuminate\\Pipeline\\Pipeline::carry():194}:195}(Object(Illuminate\\Http\\Request))
#42 /Users/asm/Documents/Test Antigravity Sep 2026/sistem kenderaan/vendor/laravel/framework/src/Illuminate/Pipeline/Pipeline.php(219): Illuminate\\Http\\Middleware\\TrustProxies->handle(Object(Illuminate\\Http\\Request), Object(Closure))
#43 /Users/asm/Documents/Test Antigravity Sep 2026/sistem kenderaan/vendor/laravel/framework/src/Illuminate/Foundation/Http/Middleware/InvokeDeferredCallbacks.php(22): Illuminate\\Pipeline\\Pipeline->{closure:{closure:Illuminate\\Pipeline\\Pipeline::carry():194}:195}(Object(Illuminate\\Http\\Request))
#44 /Users/asm/Documents/Test Antigravity Sep 2026/sistem kenderaan/vendor/laravel/framework/src/Illuminate/Pipeline/Pipeline.php(219): Illuminate\\Foundation\\Http\\Middleware\\InvokeDeferredCallbacks->handle(Object(Illuminate\\Http\\Request), Object(Closure))
#45 /Users/asm/Documents/Test Antigravity Sep 2026/sistem kenderaan/vendor/laravel/framework/src/Illuminate/Http/Middleware/ValidatePathEncoding.php(28): Illuminate\\Pipeline\\Pipeline->{closure:{closure:Illuminate\\Pipeline\\Pipeline::carry():194}:195}(Object(Illuminate\\Http\\Request))
#46 /Users/asm/Documents/Test Antigravity Sep 2026/sistem kenderaan/vendor/laravel/framework/src/Illuminate/Pipeline/Pipeline.php(219): Illuminate\\Http\\Middleware\\ValidatePathEncoding->handle(Object(Illuminate\\Http\\Request), Object(Closure))
#47 /Users/asm/Documents/Test Antigravity Sep 2026/sistem kenderaan/vendor/laravel/framework/src/Illuminate/Pipeline/Pipeline.php(137): Illuminate\\Pipeline\\Pipeline->{closure:{closure:Illuminate\\Pipeline\\Pipeline::carry():194}:195}(Object(Illuminate\\Http\\Request))
#48 /Users/asm/Documents/Test Antigravity Sep 2026/sistem kenderaan/vendor/laravel/framework/src/Illuminate/Foundation/Http/Kernel.php(175): Illuminate\\Pipeline\\Pipeline->then(Object(Closure))
#49 /Users/asm/Documents/Test Antigravity Sep 2026/sistem kenderaan/vendor/laravel/framework/src/Illuminate/Foundation/Http/Kernel.php(144): Illuminate\\Foundation\\Http\\Kernel->sendRequestThroughRouter(Object(Illuminate\\Http\\Request))
#50 /Users/asm/Documents/Test Antigravity Sep 2026/sistem kenderaan/vendor/laravel/framework/src/Illuminate/Foundation/Testing/Concerns/MakesHttpRequests.php(638): Illuminate\\Foundation\\Http\\Kernel->handle(Object(Illuminate\\Http\\Request))
#51 /Users/asm/Documents/Test Antigravity Sep 2026/sistem kenderaan/vendor/laravel/framework/src/Illuminate/Foundation/Testing/Concerns/MakesHttpRequests.php(397): Illuminate\\Foundation\\Testing\\TestCase->call('POST', 'http://localhos...', Array, Array, Array, Array)
#52 /Users/asm/Documents/Test Antigravity Sep 2026/sistem kenderaan/tests/Feature/VehicleManagementSystemTest.php(155): Illuminate\\Foundation\\Testing\\TestCase->post('http://localhos...', Array)
#53 /Users/asm/Documents/Test Antigravity Sep 2026/sistem kenderaan/vendor/phpunit/phpunit/src/Framework/TestCase.php(1318): Tests\\Feature\\VehicleManagementSystemTest->test_scenario_02_short_notice_warning_and_validation()
#54 /Users/asm/Documents/Test Antigravity Sep 2026/sistem kenderaan/vendor/phpunit/phpunit/src/Framework/TestCase.php(1355): PHPUnit\\Framework\\TestCase->invokeTestMethod('test_scenario_0...', Array)
#55 /Users/asm/Documents/Test Antigravity Sep 2026/sistem kenderaan/vendor/phpunit/phpunit/src/Framework/TestCase.php(521): PHPUnit\\Framework\\TestCase->runTest()
#56 /Users/asm/Documents/Test Antigravity Sep 2026/sistem kenderaan/vendor/phpunit/phpunit/src/Framework/TestRunner/TestRunner.php(99): PHPUnit\\Framework\\TestCase->runBare()
#57 /Users/asm/Documents/Test Antigravity Sep 2026/sistem kenderaan/vendor/phpunit/phpunit/src/Framework/TestCase.php(361): PHPUnit\\Framework\\TestRunner->run(Object(Tests\\Feature\\VehicleManagementSystemTest))
#58 /Users/asm/Documents/Test Antigravity Sep 2026/sistem kenderaan/vendor/phpunit/phpunit/src/Framework/TestSuite.php(374): PHPUnit\\Framework\\TestCase->run()
#59 /Users/asm/Documents/Test Antigravity Sep 2026/sistem kenderaan/vendor/phpunit/phpunit/src/Framework/TestSuite.php(374): PHPUnit\\Framework\\TestSuite->run()
#60 /Users/asm/Documents/Test Antigravity Sep 2026/sistem kenderaan/vendor/phpunit/phpunit/src/Framework/TestSuite.php(374): PHPUnit\\Framework\\TestSuite->run()
#61 /Users/asm/Documents/Test Antigravity Sep 2026/sistem kenderaan/vendor/phpunit/phpunit/src/TextUI/TestRunner.php(64): PHPUnit\\Framework\\TestSuite->run()
#62 /Users/asm/Documents/Test Antigravity Sep 2026/sistem kenderaan/vendor/phpunit/phpunit/src/TextUI/Application.php(229): PHPUnit\\TextUI\\TestRunner->run(Object(PHPUnit\\TextUI\\Configuration\\Configuration), Object(PHPUnit\\Runner\\ResultCache\\DefaultResultCache), Object(PHPUnit\\Framework\\TestSuite))
#63 /Users/asm/Documents/Test Antigravity Sep 2026/sistem kenderaan/vendor/phpunit/phpunit/phpunit(104): PHPUnit\\TextUI\\Application->run(Array)
#64 {main}
"} 
[2026-10-01 07:41:03] local.ERROR: Unclosed '[' does not match ')' (View: /Users/asm/Documents/Test Antigravity Sep 2026/sistem kenderaan/resources/views/requests/create.blade.php) {"userId":3,"exception":"[object] (Illuminate\\View\\ViewException(code: 0): Unclosed '[' does not match ')' (View: /Users/asm/Documents/Test Antigravity Sep 2026/sistem kenderaan/resources/views/requests/create.blade.php) at /Users/asm/Documents/Test Antigravity Sep 2026/sistem kenderaan/storage/framework/views/374f37f5ec28770913a6d0f94ba5dea7.php:312)
[stacktrace]
#0 /Users/asm/Documents/Test Antigravity Sep 2026/sistem kenderaan/vendor/laravel/framework/src/Illuminate/View/Engines/PhpEngine.php(59): Illuminate\\View\\Engines\\CompilerEngine->handleViewException(Object(ParseError), 1)
#1 /Users/asm/Documents/Test Antigravity Sep 2026/sistem kenderaan/vendor/laravel/framework/src/Illuminate/View/Engines/CompilerEngine.php(76): Illuminate\\View\\Engines\\PhpEngine->evaluatePath('/Users/asm/Docu...', Array)
#2 /Users/asm/Documents/Test Antigravity Sep 2026/sistem kenderaan/vendor/laravel/framework/src/Illuminate/View/View.php(208): Illuminate\\View\\Engines\\CompilerEngine->get('/Users/asm/Docu...', Array)
#3 /Users/asm/Documents/Test Antigravity Sep 2026/sistem kenderaan/vendor/laravel/framework/src/Illuminate/View/View.php(191): Illuminate\\View\\View->getContents()
#4 /Users/asm/Documents/Test Antigravity Sep 2026/sistem kenderaan/vendor/laravel/framework/src/Illuminate/View/View.php(160): Illuminate\\View\\View->renderContents()
#5 /Users/asm/Documents/Test Antigravity Sep 2026/sistem kenderaan/vendor/laravel/framework/src/Illuminate/Http/Response.php(82): Illuminate\\View\\View->render()
#6 /Users/asm/Documents/Test Antigravity Sep 2026/sistem kenderaan/vendor/laravel/framework/src/Illuminate/Http/Response.php(40): Illuminate\\Http\\Response->setContent(Object(Illuminate\\View\\View))
#7 /Users/asm/Documents/Test Antigravity Sep 2026/sistem kenderaan/vendor/laravel/framework/src/Illuminate/Routing/Router.php(939): Illuminate\\Http\\Response->__construct(Object(Illuminate\\View\\View), 200, Array)
#8 /Users/asm/Documents/Test Antigravity Sep 2026/sistem kenderaan/vendor/laravel/framework/src/Illuminate/Routing/Router.php(906): Illuminate\\Routing\\Router::toResponse(Object(Illuminate\\Http\\Request), Object(Illuminate\\View\\View))
#9 /Users/asm/Documents/Test Antigravity Sep 2026/sistem kenderaan/vendor/laravel/framework/src/Illuminate/Routing/Router.php(821): Illuminate\\Routing\\Router->prepareResponse(Object(Illuminate\\Http\\Request), Object(Illuminate\\View\\View))
#10 /Users/asm/Documents/Test Antigravity Sep 2026/sistem kenderaan/vendor/laravel/framework/src/Illuminate/Pipeline/Pipeline.php(180): Illuminate\\Routing\\Router->{closure:Illuminate\\Routing\\Router::runRouteWithinStack():821}(Object(Illuminate\\Http\\Request))
#11 /Users/asm/Documents/Test Antigravity Sep 2026/sistem kenderaan/vendor/laravel/framework/src/Illuminate/Routing/Middleware/SubstituteBindings.php(52): Illuminate\\Pipeline\\Pipeline->{closure:Illuminate\\Pipeline\\Pipeline::prepareDestination():178}(Object(Illuminate\\Http\\Request))
#12 /Users/asm/Documents/Test Antigravity Sep 2026/sistem kenderaan/vendor/laravel/framework/src/Illuminate/Pipeline/Pipeline.php(219): Illuminate\\Routing\\Middleware\\SubstituteBindings->handle(Object(Illuminate\\Http\\Request), Object(Closure))
#13 /Users/asm/Documents/Test Antigravity Sep 2026/sistem kenderaan/vendor/laravel/framework/src/Illuminate/Auth/Middleware/Authenticate.php(63): Illuminate\\Pipeline\\Pipeline->{closure:{closure:Illuminate\\Pipeline\\Pipeline::carry():194}:195}(Object(Illuminate\\Http\\Request))
#14 /Users/asm/Documents/Test Antigravity Sep 2026/sistem kenderaan/vendor/laravel/framework/src/Illuminate/Pipeline/Pipeline.php(219): Illuminate\\Auth\\Middleware\\Authenticate->handle(Object(Illuminate\\Http\\Request), Object(Closure))
#15 /Users/asm/Documents/Test Antigravity Sep 2026/sistem kenderaan/vendor/laravel/framework/src/Illuminate/Foundation/Http/Middleware/PreventRequestForgery.php(104): Illuminate\\Pipeline\\Pipeline->{closure:{closure:Illuminate\\Pipeline\\Pipeline::carry():194}:195}(Object(Illuminate\\Http\\Request))
#16 /Users/asm/Documents/Test Antigravity Sep 2026/sistem kenderaan/vendor/laravel/framework/src/Illuminate/Pipeline/Pipeline.php(219): Illuminate\\Foundation\\Http\\Middleware\\PreventRequestForgery->handle(Object(Illuminate\\Http\\Request), Object(Closure))
#17 /Users/asm/Documents/Test Antigravity Sep 2026/sistem kenderaan/vendor/laravel/framework/src/Illuminate/View/Middleware/ShareErrorsFromSession.php(48): Illuminate\\Pipeline\\Pipeline->{closure:{closure:Illuminate\\Pipeline\\Pipeline::carry():194}:195}(Object(Illuminate\\Http\\Request))
#18 /Users/asm/Documents/Test Antigravity Sep 2026/sistem kenderaan/vendor/laravel/framework/src/Illuminate/Pipeline/Pipeline.php(219): Illuminate\\View\\Middleware\\ShareErrorsFromSession->handle(Object(Illuminate\\Http\\Request), Object(Closure))
#19 /Users/asm/Documents/Test Antigravity Sep 2026/sistem kenderaan/vendor/laravel/framework/src/Illuminate/Session/Middleware/StartSession.php(120): Illuminate\\Pipeline\\Pipeline->{closure:{closure:Illuminate\\Pipeline\\Pipeline::carry():194}:195}(Object(Illuminate\\Http\\Request))
#20 /Users/asm/Documents/Test Antigravity Sep 2026/sistem kenderaan/vendor/laravel/framework/src/Illuminate/Session/Middleware/StartSession.php(63): Illuminate\\Session\\Middleware\\StartSession->handleStatefulRequest(Object(Illuminate\\Http\\Request), Object(Illuminate\\Session\\Store), Object(Closure))
#21 /Users/asm/Documents/Test Antigravity Sep 2026/sistem kenderaan/vendor/laravel/framework/src/Illuminate/Pipeline/Pipeline.php(219): Illuminate\\Session\\Middleware\\StartSession->handle(Object(Illuminate\\Http\\Request), Object(Closure))
#22 /Users/asm/Documents/Test Antigravity Sep 2026/sistem kenderaan/vendor/laravel/framework/src/Illuminate/Cookie/Middleware/AddQueuedCookiesToResponse.php(36): Illuminate\\Pipeline\\Pipeline->{closure:{closure:Illuminate\\Pipeline\\Pipeline::carry():194}:195}(Object(Illuminate\\Http\\Request))
#23 /Users/asm/Documents/Test Antigravity Sep 2026/sistem kenderaan/vendor/laravel/framework/src/Illuminate/Pipeline/Pipeline.php(219): Illuminate\\Cookie\\Middleware\\AddQueuedCookiesToResponse->handle(Object(Illuminate\\Http\\Request), Object(Closure))
#24 /Users/asm/Documents/Test Antigravity Sep 2026/sistem kenderaan/vendor/laravel/framework/src/Illuminate/Cookie/Middleware/EncryptCookies.php(74): Illuminate\\Pipeline\\Pipeline->{closure:{closure:Illuminate\\Pipeline\\Pipeline::carry():194}:195}(Object(Illuminate\\Http\\Request))
#25 /Users/asm/Documents/Test Antigravity Sep 2026/sistem kenderaan/vendor/laravel/framework/src/Illuminate/Pipeline/Pipeline.php(219): Illuminate\\Cookie\\Middleware\\EncryptCookies->handle(Object(Illuminate\\Http\\Request), Object(Closure))
#26 /Users/asm/Documents/Test Antigravity Sep 2026/sistem kenderaan/vendor/laravel/framework/src/Illuminate/Pipeline/Pipeline.php(137): Illuminate\\Pipeline\\Pipeline->{closure:{closure:Illuminate\\Pipeline\\Pipeline::carry():194}:195}(Object(Illuminate\\Http\\Request))
#27 /Users/asm/Documents/Test Antigravity Sep 2026/sistem kenderaan/vendor/laravel/framework/src/Illuminate/Routing/Router.php(821): Illuminate\\Pipeline\\Pipeline->then(Object(Closure))
#28 /Users/asm/Documents/Test Antigravity Sep 2026/sistem kenderaan/vendor/laravel/framework/src/Illuminate/Routing/Router.php(800): Illuminate\\Routing\\Router->runRouteWithinStack(Object(Illuminate\\Routing\\Route), Object(Illuminate\\Http\\Request))
#29 /Users/asm/Documents/Test Antigravity Sep 2026/sistem kenderaan/vendor/laravel/framework/src/Illuminate/Routing/Router.php(764): Illuminate\\Routing\\Router->runRoute(Object(Illuminate\\Http\\Request), Object(Illuminate\\Routing\\Route))
#30 /Users/asm/Documents/Test Antigravity Sep 2026/sistem kenderaan/vendor/laravel/framework/src/Illuminate/Routing/Router.php(753): Illuminate\\Routing\\Router->dispatchToRoute(Object(Illuminate\\Http\\Request))
#31 /Users/asm/Documents/Test Antigravity Sep 2026/sistem kenderaan/vendor/laravel/framework/src/Illuminate/Foundation/Http/Kernel.php(200): Illuminate\\Routing\\Router->dispatch(Object(Illuminate\\Http\\Request))
#32 /Users/asm/Documents/Test Antigravity Sep 2026/sistem kenderaan/vendor/laravel/framework/src/Illuminate/Pipeline/Pipeline.php(180): Illuminate\\Foundation\\Http\\Kernel->{closure:Illuminate\\Foundation\\Http\\Kernel::dispatchToRouter():197}(Object(Illuminate\\Http\\Request))
#33 /Users/asm/Documents/Test Antigravity Sep 2026/sistem kenderaan/vendor/laravel/framework/src/Illuminate/Foundation/Http/Middleware/TransformsRequest.php(21): Illuminate\\Pipeline\\Pipeline->{closure:Illuminate\\Pipeline\\Pipeline::prepareDestination():178}(Object(Illuminate\\Http\\Request))
#34 /Users/asm/Documents/Test Antigravity Sep 2026/sistem kenderaan/vendor/laravel/framework/src/Illuminate/Foundation/Http/Middleware/ConvertEmptyStringsToNull.php(31): Illuminate\\Foundation\\Http\\Middleware\\TransformsRequest->handle(Object(Illuminate\\Http\\Request), Object(Closure))
#35 /Users/asm/Documents/Test Antigravity Sep 2026/sistem kenderaan/vendor/laravel/framework/src/Illuminate/Pipeline/Pipeline.php(219): Illuminate\\Foundation\\Http\\Middleware\\ConvertEmptyStringsToNull->handle(Object(Illuminate\\Http\\Request), Object(Closure))
#36 /Users/asm/Documents/Test Antigravity Sep 2026/sistem kenderaan/vendor/laravel/framework/src/Illuminate/Foundation/Http/Middleware/TransformsRequest.php(21): Illuminate\\Pipeline\\Pipeline->{closure:{closure:Illuminate\\Pipeline\\Pipeline::carry():194}:195}(Object(Illuminate\\Http\\Request))
#37 /Users/asm/Documents/Test Antigravity Sep 2026/sistem kenderaan/vendor/laravel/framework/src/Illuminate/Foundation/Http/Middleware/TrimStrings.php(51): Illuminate\\Foundation\\Http\\Middleware\\TransformsRequest->handle(Object(Illuminate\\Http\\Request), Object(Closure))
#38 /Users/asm/Documents/Test Antigravity Sep 2026/sistem kenderaan/vendor/laravel/framework/src/Illuminate/Pipeline/Pipeline.php(219): Illuminate\\Foundation\\Http\\Middleware\\TrimStrings->handle(Object(Illuminate\\Http\\Request), Object(Closure))
#39 /Users/asm/Documents/Test Antigravity Sep 2026/sistem kenderaan/vendor/laravel/framework/src/Illuminate/Http/Middleware/ValidatePostSize.php(27): Illuminate\\Pipeline\\Pipeline->{closure:{closure:Illuminate\\Pipeline\\Pipeline::carry():194}:195}(Object(Illuminate\\Http\\Request))
#40 /Users/asm/Documents/Test Antigravity Sep 2026/sistem kenderaan/vendor/laravel/framework/src/Illuminate/Pipeline/Pipeline.php(219): Illuminate\\Http\\Middleware\\ValidatePostSize->handle(Object(Illuminate\\Http\\Request), Object(Closure))
#41 /Users/asm/Documents/Test Antigravity Sep 2026/sistem kenderaan/vendor/laravel/framework/src/Illuminate/Foundation/Http/Middleware/PreventRequestsDuringMaintenance.php(110): Illuminate\\Pipeline\\Pipeline->{closure:{closure:Illuminate\\Pipeline\\Pipeline::carry():194}:195}(Object(Illuminate\\Http\\Request))
#42 /Users/asm/Documents/Test Antigravity Sep 2026/sistem kenderaan/vendor/laravel/framework/src/Illuminate/Pipeline/Pipeline.php(219): Illuminate\\Foundation\\Http\\Middleware\\PreventRequestsDuringMaintenance->handle(Object(Illuminate\\Http\\Request), Object(Closure))
#43 /Users/asm/Documents/Test Antigravity Sep 2026/sistem kenderaan/vendor/laravel/framework/src/Illuminate/Http/Middleware/HandleCors.php(61): Illuminate\\Pipeline\\Pipeline->{closure:{closure:Illuminate\\Pipeline\\Pipeline::carry():194}:195}(Object(Illuminate\\Http\\Request))
#44 /Users/asm/Documents/Test Antigravity Sep 2026/sistem kenderaan/vendor/laravel/framework/src/Illuminate/Pipeline/Pipeline.php(219): Illuminate\\Http\\Middleware\\HandleCors->handle(Object(Illuminate\\Http\\Request), Object(Closure))
#45 /Users/asm/Documents/Test Antigravity Sep 2026/sistem kenderaan/vendor/laravel/framework/src/Illuminate/Http/Middleware/TrustProxies.php(58): Illuminate\\Pipeline\\Pipeline->{closure:{closure:Illuminate\\Pipeline\\Pipeline::carry():194}:195}(Object(Illuminate\\Http\\Request))
#46 /Users/asm/Documents/Test Antigravity Sep 2026/sistem kenderaan/vendor/laravel/framework/src/Illuminate/Pipeline/Pipeline.php(219): Illuminate\\Http\\Middleware\\TrustProxies->handle(Object(Illuminate\\Http\\Request), Object(Closure))
#47 /Users/asm/Documents/Test Antigravity Sep 2026/sistem kenderaan/vendor/laravel/framework/src/Illuminate/Foundation/Http/Middleware/InvokeDeferredCallbacks.php(22): Illuminate\\Pipeline\\Pipeline->{closure:{closure:Illuminate\\Pipeline\\Pipeline::carry():194}:195}(Object(Illuminate\\Http\\Request))
#48 /Users/asm/Documents/Test Antigravity Sep 2026/sistem kenderaan/vendor/laravel/framework/src/Illuminate/Pipeline/Pipeline.php(219): Illuminate\\Foundation\\Http\\Middleware\\InvokeDeferredCallbacks->handle(Object(Illuminate\\Http\\Request), Object(Closure))
#49 /Users/asm/Documents/Test Antigravity Sep 2026/sistem kenderaan/vendor/laravel/framework/src/Illuminate/Http/Middleware/ValidatePathEncoding.php(28): Illuminate\\Pipeline\\Pipeline->{closure:{closure:Illuminate\\Pipeline\\Pipeline::carry():194}:195}(Object(Illuminate\\Http\\Request))
#50 /Users/asm/Documents/Test Antigravity Sep 2026/sistem kenderaan/vendor/laravel/framework/src/Illuminate/Pipeline/Pipeline.php(219): Illuminate\\Http\\Middleware\\ValidatePathEncoding->handle(Object(Illuminate\\Http\\Request), Object(Closure))
#51 /Users/asm/Documents/Test Antigravity Sep 2026/sistem kenderaan/vendor/laravel/framework/src/Illuminate/Pipeline/Pipeline.php(137): Illuminate\\Pipeline\\Pipeline->{closure:{closure:Illuminate\\Pipeline\\Pipeline::carry():194}:195}(Object(Illuminate\\Http\\Request))
#52 /Users/asm/Documents/Test Antigravity Sep 2026/sistem kenderaan/vendor/laravel/framework/src/Illuminate/Foundation/Http/Kernel.php(175): Illuminate\\Pipeline\\Pipeline->then(Object(Closure))
#53 /Users/asm/Documents/Test Antigravity Sep 2026/sistem kenderaan/vendor/laravel/framework/src/Illuminate/Foundation/Http/Kernel.php(144): Illuminate\\Foundation\\Http\\Kernel->sendRequestThroughRouter(Object(Illuminate\\Http\\Request))
#54 /Users/asm/Documents/Test Antigravity Sep 2026/sistem kenderaan/vendor/laravel/framework/src/Illuminate/Foundation/Application.php(1227): Illuminate\\Foundation\\Http\\Kernel->handle(Object(Illuminate\\Http\\Request))
#55 /Users/asm/Documents/Test Antigravity Sep 2026/sistem kenderaan/public/index.php(20): Illuminate\\Foundation\\Application->handleRequest(Object(Illuminate\\Http\\Request))
#56 /Users/asm/Documents/Test Antigravity Sep 2026/sistem kenderaan/vendor/laravel/framework/src/Illuminate/Foundation/resources/server.php(23): require_once('/Users/asm/Docu...')
#57 {main}

[previous exception] [object] (ParseError(code: 0): Unclosed '[' does not match ')' at /Users/asm/Documents/Test Antigravity Sep 2026/sistem kenderaan/storage/framework/views/374f37f5ec28770913a6d0f94ba5dea7.php:312)
[stacktrace]
#0 /Users/asm/Documents/Test Antigravity Sep 2026/sistem kenderaan/vendor/laravel/framework/src/Illuminate/Filesystem/Filesystem.php(124): Illuminate\\Filesystem\\Filesystem::{closure:Illuminate\\Filesystem\\Filesystem::getRequire():120}()
#1 /Users/asm/Documents/Test Antigravity Sep 2026/sistem kenderaan/vendor/laravel/framework/src/Illuminate/View/Engines/PhpEngine.php(57): Illuminate\\Filesystem\\Filesystem->getRequire('/Users/asm/Docu...', Array)
#2 /Users/asm/Documents/Test Antigravity Sep 2026/sistem kenderaan/vendor/laravel/framework/src/Illuminate/View/Engines/CompilerEngine.php(76): Illuminate\\View\\Engines\\PhpEngine->evaluatePath('/Users/asm/Docu...', Array)
#3 /Users/asm/Documents/Test Antigravity Sep 2026/sistem kenderaan/vendor/laravel/framework/src/Illuminate/View/View.php(208): Illuminate\\View\\Engines\\CompilerEngine->get('/Users/asm/Docu...', Array)
#4 /Users/asm/Documents/Test Antigravity Sep 2026/sistem kenderaan/vendor/laravel/framework/src/Illuminate/View/View.php(191): Illuminate\\View\\View->getContents()
#5 /Users/asm/Documents/Test Antigravity Sep 2026/sistem kenderaan/vendor/laravel/framework/src/Illuminate/View/View.php(160): Illuminate\\View\\View->renderContents()
#6 /Users/asm/Documents/Test Antigravity Sep 2026/sistem kenderaan/vendor/laravel/framework/src/Illuminate/Http/Response.php(82): Illuminate\\View\\View->render()
#7 /Users/asm/Documents/Test Antigravity Sep 2026/sistem kenderaan/vendor/laravel/framework/src/Illuminate/Http/Response.php(40): Illuminate\\Http\\Response->setContent(Object(Illuminate\\View\\View))
#8 /Users/asm/Documents/Test Antigravity Sep 2026/sistem kenderaan/vendor/laravel/framework/src/Illuminate/Routing/Router.php(939): Illuminate\\Http\\Response->__construct(Object(Illuminate\\View\\View), 200, Array)
#9 /Users/asm/Documents/Test Antigravity Sep 2026/sistem kenderaan/vendor/laravel/framework/src/Illuminate/Routing/Router.php(906): Illuminate\\Routing\\Router::toResponse(Object(Illuminate\\Http\\Request), Object(Illuminate\\View\\View))
#10 /Users/asm/Documents/Test Antigravity Sep 2026/sistem kenderaan/vendor/laravel/framework/src/Illuminate/Routing/Router.php(821): Illuminate\\Routing\\Router->prepareResponse(Object(Illuminate\\Http\\Request), Object(Illuminate\\View\\View))
#11 /Users/asm/Documents/Test Antigravity Sep 2026/sistem kenderaan/vendor/laravel/framework/src/Illuminate/Pipeline/Pipeline.php(180): Illuminate\\Routing\\Router->{closure:Illuminate\\Routing\\Router::runRouteWithinStack():821}(Object(Illuminate\\Http\\Request))
#12 /Users/asm/Documents/Test Antigravity Sep 2026/sistem kenderaan/vendor/laravel/framework/src/Illuminate/Routing/Middleware/SubstituteBindings.php(52): Illuminate\\Pipeline\\Pipeline->{closure:Illuminate\\Pipeline\\Pipeline::prepareDestination():178}(Object(Illuminate\\Http\\Request))
#13 /Users/asm/Documents/Test Antigravity Sep 2026/sistem kenderaan/vendor/laravel/framework/src/Illuminate/Pipeline/Pipeline.php(219): Illuminate\\Routing\\Middleware\\SubstituteBindings->handle(Object(Illuminate\\Http\\Request), Object(Closure))
#14 /Users/asm/Documents/Test Antigravity Sep 2026/sistem kenderaan/vendor/laravel/framework/src/Illuminate/Auth/Middleware/Authenticate.php(63): Illuminate\\Pipeline\\Pipeline->{closure:{closure:Illuminate\\Pipeline\\Pipeline::carry():194}:195}(Object(Illuminate\\Http\\Request))
#15 /Users/asm/Documents/Test Antigravity Sep 2026/sistem kenderaan/vendor/laravel/framework/src/Illuminate/Pipeline/Pipeline.php(219): Illuminate\\Auth\\Middleware\\Authenticate->handle(Object(Illuminate\\Http\\Request), Object(Closure))
#16 /Users/asm/Documents/Test Antigravity Sep 2026/sistem kenderaan/vendor/laravel/framework/src/Illuminate/Foundation/Http/Middleware/PreventRequestForgery.php(104): Illuminate\\Pipeline\\Pipeline->{closure:{closure:Illuminate\\Pipeline\\Pipeline::carry():194}:195}(Object(Illuminate\\Http\\Request))
#17 /Users/asm/Documents/Test Antigravity Sep 2026/sistem kenderaan/vendor/laravel/framework/src/Illuminate/Pipeline/Pipeline.php(219): Illuminate\\Foundation\\Http\\Middleware\\PreventRequestForgery->handle(Object(Illuminate\\Http\\Request), Object(Closure))
#18 /Users/asm/Documents/Test Antigravity Sep 2026/sistem kenderaan/vendor/laravel/framework/src/Illuminate/View/Middleware/ShareErrorsFromSession.php(48): Illuminate\\Pipeline\\Pipeline->{closure:{closure:Illuminate\\Pipeline\\Pipeline::carry():194}:195}(Object(Illuminate\\Http\\Request))
#19 /Users/asm/Documents/Test Antigravity Sep 2026/sistem kenderaan/vendor/laravel/framework/src/Illuminate/Pipeline/Pipeline.php(219): Illuminate\\View\\Middleware\\ShareErrorsFromSession->handle(Object(Illuminate\\Http\\Request), Object(Closure))
#20 /Users/asm/Documents/Test Antigravity Sep 2026/sistem kenderaan/vendor/laravel/framework/src/Illuminate/Session/Middleware/StartSession.php(120): Illuminate\\Pipeline\\Pipeline->{closure:{closure:Illuminate\\Pipeline\\Pipeline::carry():194}:195}(Object(Illuminate\\Http\\Request))
#21 /Users/asm/Documents/Test Antigravity Sep 2026/sistem kenderaan/vendor/laravel/framework/src/Illuminate/Session/Middleware/StartSession.php(63): Illuminate\\Session\\Middleware\\StartSession->handleStatefulRequest(Object(Illuminate\\Http\\Request), Object(Illuminate\\Session\\Store), Object(Closure))
#22 /Users/asm/Documents/Test Antigravity Sep 2026/sistem kenderaan/vendor/laravel/framework/src/Illuminate/Pipeline/Pipeline.php(219): Illuminate\\Session\\Middleware\\StartSession->handle(Object(Illuminate\\Http\\Request), Object(Closure))
#23 /Users/asm/Documents/Test Antigravity Sep 2026/sistem kenderaan/vendor/laravel/framework/src/Illuminate/Cookie/Middleware/AddQueuedCookiesToResponse.php(36): Illuminate\\Pipeline\\Pipeline->{closure:{closure:Illuminate\\Pipeline\\Pipeline::carry():194}:195}(Object(Illuminate\\Http\\Request))
#24 /Users/asm/Documents/Test Antigravity Sep 2026/sistem kenderaan/vendor/laravel/framework/src/Illuminate/Pipeline/Pipeline.php(219): Illuminate\\Cookie\\Middleware\\AddQueuedCookiesToResponse->handle(Object(Illuminate\\Http\\Request), Object(Closure))
#25 /Users/asm/Documents/Test Antigravity Sep 2026/sistem kenderaan/vendor/laravel/framework/src/Illuminate/Cookie/Middleware/EncryptCookies.php(74): Illuminate\\Pipeline\\Pipeline->{closure:{closure:Illuminate\\Pipeline\\Pipeline::carry():194}:195}(Object(Illuminate\\Http\\Request))
#26 /Users/asm/Documents/Test Antigravity Sep 2026/sistem kenderaan/vendor/laravel/framework/src/Illuminate/Pipeline/Pipeline.php(219): Illuminate\\Cookie\\Middleware\\EncryptCookies->handle(Object(Illuminate\\Http\\Request), Object(Closure))
#27 /Users/asm/Documents/Test Antigravity Sep 2026/sistem kenderaan/vendor/laravel/framework/src/Illuminate/Pipeline/Pipeline.php(137): Illuminate\\Pipeline\\Pipeline->{closure:{closure:Illuminate\\Pipeline\\Pipeline::carry():194}:195}(Object(Illuminate\\Http\\Request))
#28 /Users/asm/Documents/Test Antigravity Sep 2026/sistem kenderaan/vendor/laravel/framework/src/Illuminate/Routing/Router.php(821): Illuminate\\Pipeline\\Pipeline->then(Object(Closure))
#29 /Users/asm/Documents/Test Antigravity Sep 2026/sistem kenderaan/vendor/laravel/framework/src/Illuminate/Routing/Router.php(800): Illuminate\\Routing\\Router->runRouteWithinStack(Object(Illuminate\\Routing\\Route), Object(Illuminate\\Http\\Request))
#30 /Users/asm/Documents/Test Antigravity Sep 2026/sistem kenderaan/vendor/laravel/framework/src/Illuminate/Routing/Router.php(764): Illuminate\\Routing\\Router->runRoute(Object(Illuminate\\Http\\Request), Object(Illuminate\\Routing\\Route))
#31 /Users/asm/Documents/Test Antigravity Sep 2026/sistem kenderaan/vendor/laravel/framework/src/Illuminate/Routing/Router.php(753): Illuminate\\Routing\\Router->dispatchToRoute(Object(Illuminate\\Http\\Request))
#32 /Users/asm/Documents/Test Antigravity Sep 2026/sistem kenderaan/vendor/laravel/framework/src/Illuminate/Foundation/Http/Kernel.php(200): Illuminate\\Routing\\Router->dispatch(Object(Illuminate\\Http\\Request))
#33 /Users/asm/Documents/Test Antigravity Sep 2026/sistem kenderaan/vendor/laravel/framework/src/Illuminate/Pipeline/Pipeline.php(180): Illuminate\\Foundation\\Http\\Kernel->{closure:Illuminate\\Foundation\\Http\\Kernel::dispatchToRouter():197}(Object(Illuminate\\Http\\Request))
#34 /Users/asm/Documents/Test Antigravity Sep 2026/sistem kenderaan/vendor/laravel/framework/src/Illuminate/Foundation/Http/Middleware/TransformsRequest.php(21): Illuminate\\Pipeline\\Pipeline->{closure:Illuminate\\Pipeline\\Pipeline::prepareDestination():178}(Object(Illuminate\\Http\\Request))
#35 /Users/asm/Documents/Test Antigravity Sep 2026/sistem kenderaan/vendor/laravel/framework/src/Illuminate/Foundation/Http/Middleware/ConvertEmptyStringsToNull.php(31): Illuminate\\Foundation\\Http\\Middleware\\TransformsRequest->handle(Object(Illuminate\\Http\\Request), Object(Closure))
#36 /Users/asm/Documents/Test Antigravity Sep 2026/sistem kenderaan/vendor/laravel/framework/src/Illuminate/Pipeline/Pipeline.php(219): Illuminate\\Foundation\\Http\\Middleware\\ConvertEmptyStringsToNull->handle(Object(Illuminate\\Http\\Request), Object(Closure))
#37 /Users/asm/Documents/Test Antigravity Sep 2026/sistem kenderaan/vendor/laravel/framework/src/Illuminate/Foundation/Http/Middleware/TransformsRequest.php(21): Illuminate\\Pipeline\\Pipeline->{closure:{closure:Illuminate\\Pipeline\\Pipeline::carry():194}:195}(Object(Illuminate\\Http\\Request))
#38 /Users/asm/Documents/Test Antigravity Sep 2026/sistem kenderaan/vendor/laravel/framework/src/Illuminate/Foundation/Http/Middleware/TrimStrings.php(51): Illuminate\\Foundation\\Http\\Middleware\\TransformsRequest->handle(Object(Illuminate\\Http\\Request), Object(Closure))
#39 /Users/asm/Documents/Test Antigravity Sep 2026/sistem kenderaan/vendor/laravel/framework/src/Illuminate/Pipeline/Pipeline.php(219): Illuminate\\Foundation\\Http\\Middleware\\TrimStrings->handle(Object(Illuminate\\Http\\Request), Object(Closure))
#40 /Users/asm/Documents/Test Antigravity Sep 2026/sistem kenderaan/vendor/laravel/framework/src/Illuminate/Http/Middleware/ValidatePostSize.php(27): Illuminate\\Pipeline\\Pipeline->{closure:{closure:Illuminate\\Pipeline\\Pipeline::carry():194}:195}(Object(Illuminate\\Http\\Request))
#41 /Users/asm/Documents/Test Antigravity Sep 2026/sistem kenderaan/vendor/laravel/framework/src/Illuminate/Pipeline/Pipeline.php(219): Illuminate\\Http\\Middleware\\ValidatePostSize->handle(Object(Illuminate\\Http\\Request), Object(Closure))
#42 /Users/asm/Documents/Test Antigravity Sep 2026/sistem kenderaan/vendor/laravel/framework/src/Illuminate/Foundation/Http/Middleware/PreventRequestsDuringMaintenance.php(110): Illuminate\\Pipeline\\Pipeline->{closure:{closure:Illuminate\\Pipeline\\Pipeline::carry():194}:195}(Object(Illuminate\\Http\\Request))
#43 /Users/asm/Documents/Test Antigravity Sep 2026/sistem kenderaan/vendor/laravel/framework/src/Illuminate/Pipeline/Pipeline.php(219): Illuminate\\Foundation\\Http\\Middleware\\PreventRequestsDuringMaintenance->handle(Object(Illuminate\\Http\\Request), Object(Closure))
#44 /Users/asm/Documents/Test Antigravity Sep 2026/sistem kenderaan/vendor/laravel/framework/src/Illuminate/Http/Middleware/HandleCors.php(61): Illuminate\\Pipeline\\Pipeline->{closure:{closure:Illuminate\\Pipeline\\Pipeline::carry():194}:195}(Object(Illuminate\\Http\\Request))
#45 /Users/asm/Documents/Test Antigravity Sep 2026/sistem kenderaan/vendor/laravel/framework/src/Illuminate/Pipeline/Pipeline.php(219): Illuminate\\Http\\Middleware\\HandleCors->handle(Object(Illuminate\\Http\\Request), Object(Closure))
#46 /Users/asm/Documents/Test Antigravity Sep 2026/sistem kenderaan/vendor/laravel/framework/src/Illuminate/Http/Middleware/TrustProxies.php(58): Illuminate\\Pipeline\\Pipeline->{closure:{closure:Illuminate\\Pipeline\\Pipeline::carry():194}:195}(Object(Illuminate\\Http\\Request))
#47 /Users/asm/Documents/Test Antigravity Sep 2026/sistem kenderaan/vendor/laravel/framework/src/Illuminate/Pipeline/Pipeline.php(219): Illuminate\\Http\\Middleware\\TrustProxies->handle(Object(Illuminate\\Http\\Request), Object(Closure))
#48 /Users/asm/Documents/Test Antigravity Sep 2026/sistem kenderaan/vendor/laravel/framework/src/Illuminate/Foundation/Http/Middleware/InvokeDeferredCallbacks.php(22): Illuminate\\Pipeline\\Pipeline->{closure:{closure:Illuminate\\Pipeline\\Pipeline::carry():194}:195}(Object(Illuminate\\Http\\Request))
#49 /Users/asm/Documents/Test Antigravity Sep 2026/sistem kenderaan/vendor/laravel/framework/src/Illuminate/Pipeline/Pipeline.php(219): Illuminate\\Foundation\\Http\\Middleware\\InvokeDeferredCallbacks->handle(Object(Illuminate\\Http\\Request), Object(Closure))
#50 /Users/asm/Documents/Test Antigravity Sep 2026/sistem kenderaan/vendor/laravel/framework/src/Illuminate/Http/Middleware/ValidatePathEncoding.php(28): Illuminate\\Pipeline\\Pipeline->{closure:{closure:Illuminate\\Pipeline\\Pipeline::carry():194}:195}(Object(Illuminate\\Http\\Request))
#51 /Users/asm/Documents/Test Antigravity Sep 2026/sistem kenderaan/vendor/laravel/framework/src/Illuminate/Pipeline/Pipeline.php(219): Illuminate\\Http\\Middleware\\ValidatePathEncoding->handle(Object(Illuminate\\Http\\Request), Object(Closure))
#52 /Users/asm/Documents/Test Antigravity Sep 2026/sistem kenderaan/vendor/laravel/framework/src/Illuminate/Pipeline/Pipeline.php(137): Illuminate\\Pipeline\\Pipeline->{closure:{closure:Illuminate\\Pipeline\\Pipeline::carry():194}:195}(Object(Illuminate\\Http\\Request))
#53 /Users/asm/Documents/Test Antigravity Sep 2026/sistem kenderaan/vendor/laravel/framework/src/Illuminate/Foundation/Http/Kernel.php(175): Illuminate\\Pipeline\\Pipeline->then(Object(Closure))
#54 /Users/asm/Documents/Test Antigravity Sep 2026/sistem kenderaan/vendor/laravel/framework/src/Illuminate/Foundation/Http/Kernel.php(144): Illuminate\\Foundation\\Http\\Kernel->sendRequestThroughRouter(Object(Illuminate\\Http\\Request))
#55 /Users/asm/Documents/Test Antigravity Sep 2026/sistem kenderaan/vendor/laravel/framework/src/Illuminate/Foundation/Application.php(1227): Illuminate\\Foundation\\Http\\Kernel->handle(Object(Illuminate\\Http\\Request))
#56 /Users/asm/Documents/Test Antigravity Sep 2026/sistem kenderaan/public/index.php(20): Illuminate\\Foundation\\Application->handleRequest(Object(Illuminate\\Http\\Request))
#57 /Users/asm/Documents/Test Antigravity Sep 2026/sistem kenderaan/vendor/laravel/framework/src/Illuminate/Foundation/resources/server.php(23): require_once('/Users/asm/Docu...')
#58 {main}
"} 
[2026-10-02 07:14:15] local.ERROR: Uncaught TypeError: Illuminate\Auth\SessionGuard::setRequest(): Argument #1 ($request) must be of type Symfony\Component\HttpFoundation\Request, null given, called in /Users/asm/Documents/Test Antigravity Sep 2026/sistem kenderaan/vendor/laravel/framework/src/Illuminate/Auth/AuthManager.php on line 145 and defined in /Users/asm/Documents/Test Antigravity Sep 2026/sistem kenderaan/vendor/laravel/framework/src/Illuminate/Auth/SessionGuard.php:1033
Stack trace:
#0 /Users/asm/Documents/Test Antigravity Sep 2026/sistem kenderaan/vendor/laravel/framework/src/Illuminate/Auth/AuthManager.php(145): Illuminate\Auth\SessionGuard->setRequest(NULL)
#1 /Users/asm/Documents/Test Antigravity Sep 2026/sistem kenderaan/vendor/laravel/framework/src/Illuminate/Auth/AuthManager.php(100): Illuminate\Auth\AuthManager->createSessionDriver('web', Array)
#2 /Users/asm/Documents/Test Antigravity Sep 2026/sistem kenderaan/vendor/laravel/framework/src/Illuminate/Auth/AuthManager.php(74): Illuminate\Auth\AuthManager->resolve('web')
#3 /Users/asm/Documents/Test Antigravity Sep 2026/sistem kenderaan/vendor/laravel/framework/src/Illuminate/Auth/AuthManager.php(348): Illuminate\Auth\AuthManager->guard()
#4 /Users/asm/Documents/Test Antigravity Sep 2026/sistem kenderaan/vendor/laravel/framework/src/Illuminate/Support/Facades/Facade.php(364): Illuminate\Auth\AuthManager->__call('login', Array)
#5 Command line code(8): Illuminate\Support\Facades\Facade::__callStatic('login', Array)
#6 {main}
  thrown {"exception":"[object] (Symfony\\Component\\ErrorHandler\\Error\\FatalError(code: 0): Uncaught TypeError: Illuminate\\Auth\\SessionGuard::setRequest(): Argument #1 ($request) must be of type Symfony\\Component\\HttpFoundation\\Request, null given, called in /Users/asm/Documents/Test Antigravity Sep 2026/sistem kenderaan/vendor/laravel/framework/src/Illuminate/Auth/AuthManager.php on line 145 and defined in /Users/asm/Documents/Test Antigravity Sep 2026/sistem kenderaan/vendor/laravel/framework/src/Illuminate/Auth/SessionGuard.php:1033
Stack trace:
#0 /Users/asm/Documents/Test Antigravity Sep 2026/sistem kenderaan/vendor/laravel/framework/src/Illuminate/Auth/AuthManager.php(145): Illuminate\\Auth\\SessionGuard->setRequest(NULL)
#1 /Users/asm/Documents/Test Antigravity Sep 2026/sistem kenderaan/vendor/laravel/framework/src/Illuminate/Auth/AuthManager.php(100): Illuminate\\Auth\\AuthManager->createSessionDriver('web', Array)
#2 /Users/asm/Documents/Test Antigravity Sep 2026/sistem kenderaan/vendor/laravel/framework/src/Illuminate/Auth/AuthManager.php(74): Illuminate\\Auth\\AuthManager->resolve('web')
#3 /Users/asm/Documents/Test Antigravity Sep 2026/sistem kenderaan/vendor/laravel/framework/src/Illuminate/Auth/AuthManager.php(348): Illuminate\\Auth\\AuthManager->guard()
#4 /Users/asm/Documents/Test Antigravity Sep 2026/sistem kenderaan/vendor/laravel/framework/src/Illuminate/Support/Facades/Facade.php(364): Illuminate\\Auth\\AuthManager->__call('login', Array)
#5 Command line code(8): Illuminate\\Support\\Facades\\Facade::__callStatic('login', Array)
#6 {main}
  thrown at /Users/asm/Documents/Test Antigravity Sep 2026/sistem kenderaan/vendor/laravel/framework/src/Illuminate/Auth/SessionGuard.php:1033)
[stacktrace]
#0 {main}
"} 
[2026-10-02 07:16:52] local.ERROR: Uncaught AssertionError: Conflict should be detected in Command line code:11
Stack trace:
#0 Command line code(11): assert(false, 'Conflict should...')
#1 {main}
  thrown {"exception":"[object] (Symfony\\Component\\ErrorHandler\\Error\\FatalError(code: 0): Uncaught AssertionError: Conflict should be detected in Command line code:11
Stack trace:
#0 Command line code(11): assert(false, 'Conflict should...')
#1 {main}
  thrown at Command line code:11)
[stacktrace]
#0 {main}
"} 
